Assembly_Accession	Species_normalized	selection_type	AMR_profile	n_sporadic_determinants	sporadic_determinants
GCF_001029865.1	Bacillus altitudinis	intraspecific_context	000000000000000000000000000000000000	0	
GCF_002741745.1	Bacillus altitudinis	intraspecific_context	000000000000000000000000000000000000	0	
GCF_003064485.1	Bacillus altitudinis	intraspecific_context	000000000000001000000000000000000000	0	
GCF_000465655.1	Bacillus amyloliquefaciens	intraspecific_context	000000000000000000000000000010000000	0	
GCF_000817575.1	Bacillus amyloliquefaciens	intraspecific_context	000000000000000010000000000010000000	0	
GCF_017824715.1	Bacillus amyloliquefaciens	intraspecific_context	000000000000000010000000000000000000	0	
GCF_001617995.1	Bacillus amyloliquefaciens	sporadic_AMR_carrier	000000000000000011000000000010000000	1	emrC
GCF_000385965.2	Bacillus atrophaeus	intraspecific_context	000000010000000000000000000010000000	0	
GCF_002243495.1	Bacillus atrophaeus	intraspecific_context	000000010000000000000000000010000000	0	
GCF_002998055.1	Bacillus atrophaeus	intraspecific_context	000000010000000000000000000010000000	0	
GCF_001579695.1	Bacillus cereus	intraspecific_context	000001100000000000001000000010000000	0	
GCF_001678165.1	Bacillus cereus	intraspecific_context	000001100010000000001001000011000000	0	
GCF_002214765.1	Bacillus cereus	intraspecific_context	000001100000000000001001000010000000	0	
GCF_002566845.1	Bacillus cereus	sporadic_AMR_carrier	010000000000000000000000000000000000	1	abaF
GCF_002567785.1	Bacillus cereus	sporadic_AMR_carrier	010000000000000000000000000000000000	1	abaF
GCF_002583515.1	Bacillus cereus	sporadic_AMR_carrier	010000000000000000000000000000000000	1	abaF
GCF_024495135.1	Bacillus cereus	sporadic_AMR_carrier	010001100000000000001000000010000000	1	abaF
GCF_036621235.1	Bacillus cereus	sporadic_AMR_carrier	000001100000000000000100000010000000	1	fosBx1
GCF_002914545.1	Bacillus halotolerans	intraspecific_context	000000000000000000000000100010000000	0	
GCF_002993745.1	Bacillus halotolerans	intraspecific_context	000000000000000000000000100000000000	0	
GCF_016767285.1	Bacillus halotolerans	intraspecific_context	000000000100000000000000100000000000	0	
GCF_002993735.1	Bacillus halotolerans	sporadic_AMR_carrier	000000000100000001000000100010000000	1	emrC
GCF_002993765.1	Bacillus halotolerans	sporadic_AMR_carrier	000000000000100000000000100000000000	1	blaTEM
GCF_001876545.1	Bacillus licheniformis	intraspecific_context	000000000001000000000000000000000000	0	
GCF_001876555.1	Bacillus licheniformis	intraspecific_context	000000000001000000000000000000000000	0	
GCF_029958265.1	Bacillus licheniformis	intraspecific_context	000000000001000000010000000000000000	0	
GCF_000931375.1	Bacillus mycoides	intraspecific_context	000000100000000000001000000000000000	0	
GCF_001757785.1	Bacillus mycoides	intraspecific_context	010001100000000000000000000000000000	0	
GCF_001757835.1	Bacillus mycoides	intraspecific_context	000001100000000000000000000000000000	0	
GCF_002068155.1	Bacillus paralicheniformis	intraspecific_context	000000000001000000010000000000000000	0	
GCF_002849425.1	Bacillus paralicheniformis	intraspecific_context	000000000001000100010000000000000000	0	
GCF_003171815.2	Bacillus paralicheniformis	intraspecific_context	000000000001000000010000000000000000	0	
GCF_002550685.1	Bacillus pseudomycoides	intraspecific_context	000000000000000000000000000000000000	0	
GCF_002553115.1	Bacillus pseudomycoides	intraspecific_context	000000000000000000000000000000000000	0	
GCF_002555545.1	Bacillus pseudomycoides	intraspecific_context	000000000000000010000000000000000000	0	
GCF_060371875.1	Bacillus pseudomycoides	sporadic_AMR_carrier	000000000000000000000001000000000000	1	mleBCB
GCF_001578205.1	Bacillus pumilus	intraspecific_context	000000001000001000000000000000000000	0	
GCF_020908045.1	Bacillus pumilus	intraspecific_context	000000000000000000000000000000000000	0	
GCF_046269165.1	Bacillus pumilus	intraspecific_context	000000001000000000000000000000000000	0	
GCF_000444215.1	Bacillus safensis	intraspecific_context	000000000000000000000000000000000000	0	
GCF_002998315.1	Bacillus safensis	intraspecific_context	000000000000000000000000000000000000	0	
GCF_008244765.1	Bacillus safensis	intraspecific_context	000000000000001000000000000000000000	0	
GCF_036966405.1	Bacillus safensis	sporadic_AMR_carrier	000010000000001000000000000000000000	1	aph(3')-IIa
GCF_040492755.1	Bacillus safensis	sporadic_AMR_carrier	000000000000000001000000000000000000	1	emrC
GCF_040492895.1	Bacillus safensis	sporadic_AMR_carrier	000000000000000001000000000000000000	1	emrC
GCF_000706705.1	Bacillus subtilis	intraspecific_context	100000000000000000000000100010100001	0	
GCF_001625135.1	Bacillus subtilis	intraspecific_context	100000000000000000000000100010000001	0	
GCF_004294535.1	Bacillus subtilis	intraspecific_context	100000000000000000000000100000000001	0	
GCF_040151275.1	Bacillus subtilis	sporadic_AMR_carrier	100000000000100000000000100010000001	1	blaTEM
GCF_053895045.1	Bacillus subtilis	sporadic_AMR_carrier	100000000000000000000000100110100001	1	msr(D)
GCF_001017635.1	Bacillus thuringiensis	intraspecific_context	000001100000000000001000000010000000	0	
GCF_001757695.1	Bacillus thuringiensis	intraspecific_context	000001100000000000001001000010000000	0	
GCF_001757745.1	Bacillus thuringiensis	intraspecific_context	000001100000000000001000000010010010	0	
GCF_002558235.1	Bacillus thuringiensis	sporadic_AMR_carrier	000001100000000000001000001010000000	1	mphM
GCF_002575305.1	Bacillus thuringiensis	sporadic_AMR_carrier	000001100010000000001000001010000000	1	mphM
GCF_002575365.1	Bacillus thuringiensis	sporadic_AMR_carrier	000001100010000000001000001010000000	1	mphM
GCF_002575895.1	Bacillus thuringiensis	sporadic_AMR_carrier	000001100000000000001001001010000000	1	mphM
GCF_036621275.1	Bacillus thuringiensis	sporadic_AMR_carrier	000001100000000000001010001000000000	1	mphM
GCF_036621295.1	Bacillus thuringiensis	sporadic_AMR_carrier	000001100000000000001010001001010010	1	mphM
GCF_036621315.1	Bacillus thuringiensis	sporadic_AMR_carrier	000001100000000000001010001000000000	1	mphM
GCF_036621355.1	Bacillus thuringiensis	sporadic_AMR_carrier	000001100000000000000100000010000000	1	fosBx1
GCF_001275045.2	Bacillus toyonensis	intraspecific_context	000001100000000000000000011010000000	0	
GCF_002550355.1	Bacillus toyonensis	intraspecific_context	000001100000000000000000001010010010	0	
GCF_002550525.1	Bacillus toyonensis	intraspecific_context	000001100000000000000000010010000000	0	
GCF_002552785.1	Bacillus toyonensis	sporadic_AMR_carrier	000001100010000000000000010010000000	1	blaIII
GCF_002568725.1	Bacillus toyonensis	sporadic_AMR_carrier	000001100000000000001000010010000000	1	fosB
GCF_002580975.1	Bacillus toyonensis	sporadic_AMR_carrier	000001100000000000001001011010000000	1	fosB
GCF_036962425.1	Bacillus toyonensis	sporadic_AMR_carrier	000001100000000000001000010010000000	1	fosB
GCF_000262385.1	Bacillus velezensis	intraspecific_context	000000000000000000000000000010000000	0	
GCF_000786145.2	Bacillus velezensis	intraspecific_context	000000000000000010000000000010000000	0	
GCF_006351625.1	Bacillus velezensis	intraspecific_context	000000000000000010000000000000000000	0	
GCF_003854915.1	Bacillus velezensis	sporadic_AMR_carrier	000000000000000011000000000010000000	1	emrC
GCF_004294525.1	Bacillus velezensis	sporadic_AMR_carrier	100000000000000000000000000010000000	1	aadK
GCF_013348705.1	Bacillus velezensis	sporadic_AMR_carrier	001100000000000010000000000000000000	2	ant(9)-Ia;aph(3')-IIIa
GCF_022370935.1	Bacillus velezensis	sporadic_AMR_carrier	000100000000000010000000000000000000	1	aph(3')-IIIa
GCF_031324265.1	Bacillus velezensis	sporadic_AMR_carrier	000000000000000000100000000010000000	1	erm(B)
GCF_045924925.1	Bacillus velezensis	sporadic_AMR_carrier	000000000000000011000000000010000000	1	emrC
GCF_050445565.1	Bacillus velezensis	sporadic_AMR_carrier	000000000000000001000000000010000000	1	emrC
GCF_059147205.1	Bacillus velezensis	sporadic_AMR_carrier	000000000000000011000000000010000000	1	emrC
GCF_977015535.1	Bacillus velezensis	sporadic_AMR_carrier	000000000000000001000000000010000000	1	emrC
GCF_001756265.1	Bacillus wiedmannii	intraspecific_context	000001100010000000000010000010000000	0	
GCF_002550225.1	Bacillus wiedmannii	intraspecific_context	000001100010000000001010000010000010	0	
GCF_002555265.1	Bacillus wiedmannii	intraspecific_context	000001100000000000001010000010000000	0	
GCF_002555155.1	Bacillus wiedmannii	sporadic_AMR_carrier	000000100000000000001011000010010010	1	mleBCB
GCF_002555305.1	Bacillus wiedmannii	sporadic_AMR_carrier	000000100000000000001011000000010010	1	mleBCB
GCF_002555385.1	Bacillus wiedmannii	sporadic_AMR_carrier	000001100010000000001010001010000000	1	mphM
GCF_036963245.1	Bacillus wiedmannii	sporadic_AMR_carrier	000001100000000000000010001010000000	1	mphM
