locus_id	assembly_accession	determinant	context_status	amr_start_local	amr_stop_local	IS_detected	IS_protein_id	IS_reference	IS_family_annotation	IS_start_local	IS_stop_local	IS_strand	distance_bp	relative_position	pident	query_coverage_pct	evalue
L001_GCF_001617995.1_emrC_NZ_LMUC01000001.1_38044-38403	GCF_001617995.1	emrC	complete	10001	10360	False											
L002_GCF_002566845.1_abaF_NZ_NUZN01000021.1_8036-9307	GCF_002566845.1	abaF	truncated_left	8036	9307	True	L002_GCF_002566845.1_abaF_15	IS231E	IS231E ~~~~~~IS4 family transposase IS231E~~~COG3385	15181	16617	+	5873	downstream	92.678	99	0.0
L003_GCF_002567785.1_abaF_NZ_NVBD01000111.1_9830-11101	GCF_002567785.1	abaF	truncated_both	9830	11101	False											
L004_GCF_002583515.1_abaF_NZ_NUPQ01000068.1_204-1475	GCF_002583515.1	abaF	truncated_left	204	1475	False											
L005_GCF_024495135.1_abaF_NZ_JANHDW010000015.1_23950-25221	GCF_024495135.1	abaF	complete	10001	11272	False											
L006_GCF_036621235.1_fosBx1_NZ_JAZIBK010000014.1_123654-124067	GCF_036621235.1	fosBx1	complete	10001	10414	False											
L007_GCF_002993765.1_blaTEM_NZ_PVXC01000040.1_2-517	GCF_002993765.1	blaTEM	truncated_both	2	517	False											
L008_GCF_002993735.1_emrC_NZ_PVXD01000001.1_479246-479620	GCF_002993735.1	emrC	complete	10001	10375	False											
L009_GCF_060371875.1_mleBCB_NZ_JCCFJE010000010.1_3246-4088	GCF_060371875.1	mleBCB	truncated_both	3246	4088	False											
L010_GCF_036966405.1_aph(3')-IIa_NZ_JBALRJ010000251.1_3-767	GCF_036966405.1	aph(3')-IIa	truncated_both	3	767	False											
L011_GCF_040492755.1_emrC_NZ_JBEUTX010000033.1_115-447	GCF_040492755.1	emrC	truncated_left	115	447	False											
L012_GCF_040492895.1_emrC_NZ_JBEUUE010000019.1_198-557	GCF_040492895.1	emrC	truncated_left	198	557	False											
L013_GCF_040151275.1_blaTEM_NZ_JAXOWG010000016.1_262-1011	GCF_040151275.1	blaTEM	truncated_both	262	1011	False											
L014_GCF_053895045.1_msr(D)_NZ_JBSVMM010000022.1_165-1211	GCF_053895045.1	msr(D)	truncated_both	165	1211	False											
L015_GCF_036621355.1_fosBx1_NZ_JAZIFE010000014.1_123654-124067	GCF_036621355.1	fosBx1	complete	10001	10414	False											
L016_GCF_002558235.1_mphM_NZ_NTVQ01000045.1_19909-20805	GCF_002558235.1	mphM	complete	10001	10897	False											
L017_GCF_002575305.1_mphM_NZ_NUHS01000006.1_15308-16204	GCF_002575305.1	mphM	complete	10001	10897	True	L017_GCF_002575305.1_mphM_1	ISBce5	ISBce5 ~~~~~~IS4 family transposase ISBce5~~~COG3385	1	1212	+	8788	upstream	93.548	99	0.0
L018_GCF_002575365.1_mphM_NZ_NUHU01000015.1_37261-38157	GCF_002575365.1	mphM	complete	10001	10897	True	L018_GCF_002575365.1_mphM_29	ISBce5	ISBce5 ~~~~~~IS4 family transposase ISBce5~~~COG3385	19808	20896	-	8910	downstream	92.758	99	0.0
L019_GCF_002575895.1_mphM_NZ_NUJC01000016.1_33322-34218	GCF_002575895.1	mphM	complete	10001	10897	True	L019_GCF_002575895.1_mphM_4	ISBce10	ISBce10 ~~~~~~IS4 family transposase ISBce10~~~COG3385	1247	2815	+	7185	upstream	97.479	91	0.0
L020_GCF_036621275.1_mphM_NZ_JAZIFA010000002.1_331794-332687	GCF_036621275.1	mphM	complete	10001	10894	False											
L021_GCF_036621295.1_mphM_NZ_JAZIFD010000007.1_100208-101101	GCF_036621295.1	mphM	complete	10001	10894	False											
L022_GCF_036621315.1_mphM_NZ_JAZIFB010000004.1_331840-332733	GCF_036621315.1	mphM	complete	10001	10894	False											
L023_GCF_002552785.1_blaIII_NZ_NVPE01000139.1_1-531	GCF_002552785.1	blaIII	truncated_both	1	531	False											
L024_GCF_002568725.1_fosB_NZ_NVFM01000047.1_7064-7477	GCF_002568725.1	fosB	truncated_both	7064	7477	True	L024_GCF_002568725.1_fosB_8	IS231H	IS231H ~~~~~~IS4 family transposase IS231H~~~COG3385	5425	6861	-	202	upstream	93.305	99	0.0
L025_GCF_002580975.1_fosB_NZ_NUSO01000195.1_14544-14957	GCF_002580975.1	fosB	truncated_right	10001	10414	True	L025_GCF_002580975.1_fosB_12	ISBsu3	ISBsu3 ~~~~~~IS1595 family transposase ISBsu3~~~	11004	11441	-	589	downstream	43.357	98	5.41e-42
L025_GCF_002580975.1_fosB_NZ_NUSO01000195.1_14544-14957	GCF_002580975.1	fosB	truncated_right	10001	10414	True	L025_GCF_002580975.1_fosB_18	ISBth20	ISBth20 ~~~~~~IS6 family transposase ISBth20~~~	18139	18786	-	7724	downstream	79.535	99	7.580000000000001e-129
L026_GCF_036962425.1_fosB_NZ_JBALNA010000118.1_7325-7735	GCF_036962425.1	fosB	truncated_both	7325	7735	True	L026_GCF_036962425.1_fosB_3	IS231H	IS231H ~~~~~~IS4 family transposase IS231H~~~COG3385	4521	5201	-	2123	upstream	84.956	99	1.19e-131
L026_GCF_036962425.1_fosB_NZ_JBALNA010000118.1_7325-7735	GCF_036962425.1	fosB	truncated_both	7325	7735	True	L026_GCF_036962425.1_fosB_4	IS231H	IS231H ~~~~~~IS4 family transposase IS231H~~~COG3385	5158	5886	-	1438	upstream	89.604	83	7.54e-135
L026_GCF_036962425.1_fosB_NZ_JBALNA010000118.1_7325-7735	GCF_036962425.1	fosB	truncated_both	7325	7735	True	L026_GCF_036962425.1_fosB_10	ISBth17	ISBth17 ~~~~~~IS200/IS605 family transposase ISBth17~~~	10683	11804	-	2947	downstream	91.421	99	0.0
L027_GCF_004294525.1_aadK_NZ_SHOC01000057.1_2-565	GCF_004294525.1	aadK	truncated_both	2	565	False											
L028_GCF_013348705.1_ant(9)-Ia_NZ_CP054714.1_1026117-1026896	GCF_013348705.1	ant(9)-Ia	complete	10001	10780	False											
L029_GCF_013348705.1_aph(3')-IIIa_NZ_CP054714.1_1454776-1455567	GCF_013348705.1	aph(3')-IIIa	complete	10001	10792	False											
L030_GCF_022370935.1_aph(3')-IIIa_NZ_CP092412.1_735094-735885	GCF_022370935.1	aph(3')-IIIa	complete	10001	10792	False											
L031_GCF_022370935.1_aph(3')-IIIa_NZ_CP092412.1_3656878-3657669	GCF_022370935.1	aph(3')-IIIa	complete	10001	10792	False											
L032_GCF_003854915.1_emrC_NZ_CP033967.1_663958-664317	GCF_003854915.1	emrC	complete	10001	10360	False											
L033_GCF_045924925.1_emrC_NZ_CP166492.1_2184764-2185123	GCF_045924925.1	emrC	complete	10001	10360	False											
L034_GCF_050445565.1_emrC_NZ_JBBULW010000002.1_35059-35418	GCF_050445565.1	emrC	complete	10001	10360	False											
L035_GCF_059147205.1_emrC_NZ_CM181145.1_1650434-1650793	GCF_059147205.1	emrC	complete	10001	10360	False											
L036_GCF_977015535.1_emrC_NZ_CDRNOD010000001.1_2202911-2203270	GCF_977015535.1	emrC	complete	10001	10360	False											
L037_GCF_031324265.1_erm(B)_NZ_JAVIVO010000001.1_2341342-2342076	GCF_031324265.1	erm(B)	complete	10001	10735	False											
L038_GCF_002555155.1_mleBCB_NZ_NUDB01000017.1_16687-17538	GCF_002555155.1	mleBCB	complete	10001	10852	True	L038_GCF_002555155.1_mleBCB_8	MICBce6	MICBce6 ~~~~~~IS4 family transposase MICBce6~~~COG3385	5832	7994	+	2006	upstream	48.83	90	2.29e-102
L039_GCF_002555305.1_mleBCB_NZ_NUDK01000002.1_180378-181229	GCF_002555305.1	mleBCB	complete	10001	10852	True	L039_GCF_002555305.1_mleBCB_12	MICBce6	MICBce6 ~~~~~~IS4 family transposase MICBce6~~~COG3385	12874	15036	-	2021	downstream	49.123	90	1.6400000000000002e-103
L040_GCF_002555385.1_mphM_NZ_NUDL01000019.1_6311-7207	GCF_002555385.1	mphM	truncated_left	6311	7207	True	L040_GCF_002555385.1_mphM_1	MICBce1	MICBce1 ~~~~~~IS4 family transposase MICBce1~~~COG3385	1	717	+	5593	upstream	97.479	99	2.39e-170
L041_GCF_036963245.1_mphM_NZ_JBALMF010000073.1_406-1302	GCF_036963245.1	mphM	truncated_left	406	1302	False											
