L002_GCF_002566845.1_abaF_15	IS231E	92.678	478	479	478	99	0.0	923	IS231E ~~~~~~IS4 family transposase IS231E~~~COG3385
L002_GCF_002566845.1_abaF_15	IS231R	90.167	478	479	478	99	0.0	907	IS231R ~~~~~~IS4 family transposase IS231R~~~COG3385
L002_GCF_002566845.1_abaF_15	IS231D	86.402	478	479	478	99	0.0	876	IS231D ~~~~~~IS4 family transposase IS231D~~~COG3385
L002_GCF_002566845.1_abaF_15	IS231C	87.029	478	479	478	99	0.0	868	IS231C ~~~~~~IS4 family transposase IS231C~~~COG3385
L002_GCF_002566845.1_abaF_15	IS231I	85.774	478	479	478	99	0.0	862	IS231I ~~~~~~IS4 family transposase IS231I~~~COG3385
L017_GCF_002575305.1_mphM_1	ISBce5	93.548	403	404	476	99	0.0	789	ISBce5 ~~~~~~IS4 family transposase ISBce5~~~COG3385
L017_GCF_002575305.1_mphM_1	IS231Y	91.563	403	404	474	99	0.0	780	IS231Y ~~~~~~IS4 family transposase IS231Y~~~COG3385
L017_GCF_002575305.1_mphM_1	ISBth4	88.834	403	404	473	99	0.0	734	ISBth4 ~~~~~~IS4 family transposase ISBth4~~~COG3385
L017_GCF_002575305.1_mphM_1	ISBce7	88.614	404	404	477	99	0.0	720	ISBce7 ~~~~~~IS4 family transposase ISBce7~~~COG3385
L017_GCF_002575305.1_mphM_1	ISBce10	64.428	402	404	476	99	0.0	540	ISBce10 ~~~~~~IS4 family transposase ISBce10~~~COG3385
L018_GCF_002575365.1_mphM_29	ISBce5	92.758	359	363	476	99	0.0	698	ISBce5 ~~~~~~IS4 family transposase ISBce5~~~COG3385
L018_GCF_002575365.1_mphM_29	IS231Y	91.365	359	363	474	99	0.0	692	IS231Y ~~~~~~IS4 family transposase IS231Y~~~COG3385
L018_GCF_002575365.1_mphM_29	ISBth4	88.858	359	363	473	99	0.0	656	ISBth4 ~~~~~~IS4 family transposase ISBth4~~~COG3385
L018_GCF_002575365.1_mphM_29	ISBce7	88.301	359	363	477	99	0.0	636	ISBce7 ~~~~~~IS4 family transposase ISBce7~~~COG3385
L018_GCF_002575365.1_mphM_29	ISBth5	65.084	358	363	476	99	1.36e-171	484	ISBth5 ~~~~~~IS4 family transposase ISBth5~~~COG3385
L019_GCF_002575895.1_mphM_4	ISBce10	97.479	476	523	476	91	0.0	956	ISBce10 ~~~~~~IS4 family transposase ISBce10~~~COG3385
L019_GCF_002575895.1_mphM_4	ISBce5	63.866	476	523	476	91	0.0	657	ISBce5 ~~~~~~IS4 family transposase ISBce5~~~COG3385
L019_GCF_002575895.1_mphM_4	IS231Y	63.502	474	523	474	91	0.0	650	IS231Y ~~~~~~IS4 family transposase IS231Y~~~COG3385
L019_GCF_002575895.1_mphM_4	ISBth4	63.291	474	523	473	91	0.0	638	ISBth4 ~~~~~~IS4 family transposase ISBth4~~~COG3385
L019_GCF_002575895.1_mphM_4	ISBce7	63.103	477	523	477	91	0.0	628	ISBce7 ~~~~~~IS4 family transposase ISBce7~~~COG3385
L020_GCF_036621275.1_mphM_15	ISPsy43	28.496	379	577	678	63	2.29e-35	138	ISPsy43 ~~~~~~IS66 family transposase ISPsy43~~~
L021_GCF_036621295.1_mphM_2	ISPsy43	28.496	379	577	678	63	2.29e-35	138	ISPsy43 ~~~~~~IS66 family transposase ISPsy43~~~
L022_GCF_036621315.1_mphM_15	ISPsy43	28.496	379	577	678	63	2.29e-35	138	ISPsy43 ~~~~~~IS66 family transposase ISPsy43~~~
L024_GCF_002568725.1_fosB_8	IS231H	93.305	478	479	478	99	0.0	906	IS231H ~~~~~~IS4 family transposase IS231H~~~COG3385
L024_GCF_002568725.1_fosB_8	IS231Q	85.146	478	479	477	99	0.0	854	IS231Q ~~~~~~IS4 family transposase IS231Q~~~COG3385
L024_GCF_002568725.1_fosB_8	IS231F	85.356	478	479	477	99	0.0	833	IS231F ~~~~~~IS4 family transposase IS231F~~~COG3385
L024_GCF_002568725.1_fosB_8	IS231F2	85.356	478	479	477	99	0.0	833	IS231F2 ~~~~~~IS4 family transposase IS231F2~~~COG3385
L024_GCF_002568725.1_fosB_8	IS231O	79.707	478	479	478	99	0.0	814	IS231O ~~~~~~IS4 family transposase IS231O~~~COG3385
L025_GCF_002580975.1_fosB_12	ISBsu3	43.357	143	146	145	98	5.41e-42	134	ISBsu3 ~~~~~~IS1595 family transposase ISBsu3~~~
L025_GCF_002580975.1_fosB_18	ISBth20	79.535	215	216	228	99	7.58e-129	360	ISBth20 ~~~~~~IS6 family transposase ISBth20~~~
L025_GCF_002580975.1_fosB_18	IS240F	71.362	213	216	227	99	5.50e-109	310	IS240F ~~~~~~IS6 family transposase IS240F~~~
L025_GCF_002580975.1_fosB_18	ISLmo3	61.765	204	216	226	94	3.65e-86	252	ISLmo3 ~~~~~~IS6 family transposase ISLmo3~~~
L025_GCF_002580975.1_fosB_18	IS1216E	60.870	207	216	226	96	4.49e-86	251	IS1216E ~~~~~~IS6 family transposase IS1216E~~~
L025_GCF_002580975.1_fosB_18	ISS1W	60.386	207	216	226	96	5.18e-86	251	ISS1W ~~~~~~IS6 family transposase ISS1W~~~
L026_GCF_036962425.1_fosB_3	IS231H	84.956	226	227	478	99	1.19e-131	377	IS231H ~~~~~~IS4 family transposase IS231H~~~COG3385
L026_GCF_036962425.1_fosB_3	IS231Q	80.804	224	227	477	99	2.43e-129	371	IS231Q ~~~~~~IS4 family transposase IS231Q~~~COG3385
L026_GCF_036962425.1_fosB_3	IS231F	81.250	224	227	477	99	1.01e-121	351	IS231F ~~~~~~IS4 family transposase IS231F~~~COG3385
L026_GCF_036962425.1_fosB_3	IS231F2	81.250	224	227	477	99	1.01e-121	351	IS231F2 ~~~~~~IS4 family transposase IS231F2~~~COG3385
L026_GCF_036962425.1_fosB_3	IS231O	71.681	226	227	478	99	8.21e-118	342	IS231O ~~~~~~IS4 family transposase IS231O~~~COG3385
L026_GCF_036962425.1_fosB_4	IS231H	89.604	202	243	478	83	7.54e-135	385	IS231H ~~~~~~IS4 family transposase IS231H~~~COG3385
L026_GCF_036962425.1_fosB_4	IS231O	83.663	202	243	478	83	2.60e-129	372	IS231O ~~~~~~IS4 family transposase IS231O~~~COG3385
L026_GCF_036962425.1_fosB_4	IS231J	83.663	202	243	294	83	8.72e-129	363	IS231J ~~~~~~IS4 family transposase IS231J~~~COG3385
L026_GCF_036962425.1_fosB_4	IS231M	83.663	202	243	334	83	2.22e-128	364	IS231M ~~~~~~IS4 family transposase IS231M~~~COG3385
L026_GCF_036962425.1_fosB_4	IS231N	83.168	202	243	329	83	2.13e-127	361	IS231N ~~~~~~IS4 family transposase IS231N~~~COG3385
L026_GCF_036962425.1_fosB_10	ISBth17	91.421	373	374	378	99	0.0	713	ISBth17 ~~~~~~IS200/IS605 family transposase ISBth17~~~
L026_GCF_036962425.1_fosB_10	ISHaha7	70.270	370	374	379	99	0.0	562	ISHaha7 ~~~~~~IS200/IS605 family transposase ISHaha7~~~
L026_GCF_036962425.1_fosB_10	ISHaha8	67.397	365	374	374	98	0.0	533	ISHaha8 ~~~~~~IS200/IS605 family transposase ISHaha8~~~
L026_GCF_036962425.1_fosB_10	ISCpe2	52.368	380	374	384	96	2.15e-138	397	ISCpe2 ~~~~~~IS200/IS605 family transposase ISCpe2~~~
L026_GCF_036962425.1_fosB_10	ISEfa4	51.587	378	374	382	96	1.97e-123	358	ISEfa4 ~~~~~~IS200/IS605 family transposase ISEfa4~~~
L028_GCF_013348705.1_ant9-Ia_21	ISPsy43	34.545	110	431	678	24	1.14e-12	67.0	ISPsy43 ~~~~~~IS66 family transposase ISPsy43~~~
L038_GCF_002555155.1_mleBCB_8	MICBce6	48.830	342	721	389	90	2.29e-102	317	MICBce6 ~~~~~~IS4 family transposase MICBce6~~~COG3385
L038_GCF_002555155.1_mleBCB_8	MICBce6	49.693	326	721	389	90	1.46e-101	314	MICBce6 ~~~~~~IS4 family transposase MICBce6~~~COG3385
L038_GCF_002555155.1_mleBCB_8	MICBce5	48.830	342	721	389	90	2.29e-102	317	MICBce5 ~~~~~~IS4 family transposase MICBce5~~~COG3385
L038_GCF_002555155.1_mleBCB_8	MICBce5	49.693	326	721	389	90	1.46e-101	314	MICBce5 ~~~~~~IS4 family transposase MICBce5~~~COG3385
L038_GCF_002555155.1_mleBCB_8	MICBce1	48.571	350	721	389	92	4.32e-100	310	MICBce1 ~~~~~~IS4 family transposase MICBce1~~~COG3385
L038_GCF_002555155.1_mleBCB_8	MICBce1	46.667	345	721	389	92	3.39e-94	295	MICBce1 ~~~~~~IS4 family transposase MICBce1~~~COG3385
L038_GCF_002555155.1_mleBCB_8	MICBce3	47.851	349	721	388	92	1.15e-98	307	MICBce3 ~~~~~~IS4 family transposase MICBce3~~~COG3385
L038_GCF_002555155.1_mleBCB_8	MICBce3	47.384	344	721	388	92	9.96e-97	302	MICBce3 ~~~~~~IS4 family transposase MICBce3~~~COG3385
L038_GCF_002555155.1_mleBCB_8	MICBan1	47.384	344	721	388	93	1.19e-97	304	MICBan1 ~~~~~~IS4 family transposase MICBan1~~~COG3385
L038_GCF_002555155.1_mleBCB_8	MICBan1	47.191	356	721	388	93	6.39e-96	300	MICBan1 ~~~~~~IS4 family transposase MICBan1~~~COG3385
L038_GCF_002555155.1_mleBCB_18	ISChy2	22.877	424	499	427	84	3.66e-22	96.3	ISChy2 ~~~~~~IS110 family transposase ISChy2~~~
L038_GCF_002555155.1_mleBCB_18	ISHaha5	27.198	364	499	411	68	3.86e-20	89.7	ISHaha5 ~~~~~~IS110 family transposase ISHaha5~~~
L038_GCF_002555155.1_mleBCB_18	ISBth13	22.970	431	499	397	85	5.31e-20	89.4	ISBth13 ~~~~~~IS110 family transposase ISBth13~~~
L038_GCF_002555155.1_mleBCB_18	ISCth8	26.923	442	499	429	85	6.16e-19	86.3	ISCth8 ~~~~~~IS110 family transposase ISCth8~~~
L038_GCF_002555155.1_mleBCB_18	ISSsu7	22.939	279	499	430	54	3.09e-14	72.0	ISSsu7 ~~~~~~IS110 family transposase ISSsu7~~~
L039_GCF_002555305.1_mleBCB_12	MICBce6	49.123	342	721	389	90	1.64e-103	320	MICBce6 ~~~~~~IS4 family transposase MICBce6~~~COG3385
L039_GCF_002555305.1_mleBCB_12	MICBce6	49.693	326	721	389	90	1.43e-101	314	MICBce6 ~~~~~~IS4 family transposase MICBce6~~~COG3385
L039_GCF_002555305.1_mleBCB_12	MICBce5	49.123	342	721	389	90	1.64e-103	320	MICBce5 ~~~~~~IS4 family transposase MICBce5~~~COG3385
L039_GCF_002555305.1_mleBCB_12	MICBce5	49.693	326	721	389	90	1.43e-101	314	MICBce5 ~~~~~~IS4 family transposase MICBce5~~~COG3385
L039_GCF_002555305.1_mleBCB_12	MICBce1	48.571	350	721	389	92	3.72e-100	311	MICBce1 ~~~~~~IS4 family transposase MICBce1~~~COG3385
L039_GCF_002555305.1_mleBCB_12	MICBce1	46.957	345	721	389	92	2.05e-95	298	MICBce1 ~~~~~~IS4 family transposase MICBce1~~~COG3385
L039_GCF_002555305.1_mleBCB_12	MICBan1	47.674	344	721	388	93	8.78e-99	307	MICBan1 ~~~~~~IS4 family transposase MICBan1~~~COG3385
L039_GCF_002555305.1_mleBCB_12	MICBan1	47.191	356	721	388	93	7.74e-96	300	MICBan1 ~~~~~~IS4 family transposase MICBan1~~~COG3385
L039_GCF_002555305.1_mleBCB_12	MICBce3	47.851	349	721	388	92	1.61e-98	306	MICBce3 ~~~~~~IS4 family transposase MICBce3~~~COG3385
L039_GCF_002555305.1_mleBCB_12	MICBce3	47.674	344	721	388	92	9.92e-98	304	MICBce3 ~~~~~~IS4 family transposase MICBce3~~~COG3385
L040_GCF_002555385.1_mphM_1	MICBce1	97.479	238	239	389	99	2.39e-170	472	MICBce1 ~~~~~~IS4 family transposase MICBce1~~~COG3385
L040_GCF_002555385.1_mphM_1	MICBce6	86.192	239	239	389	99	1.63e-144	407	MICBce6 ~~~~~~IS4 family transposase MICBce6~~~COG3385
L040_GCF_002555385.1_mphM_1	MICBce5	86.192	239	239	389	99	1.63e-144	407	MICBce5 ~~~~~~IS4 family transposase MICBce5~~~COG3385
L040_GCF_002555385.1_mphM_1	MICBce3	80.335	239	239	388	99	4.94e-131	372	MICBce3 ~~~~~~IS4 family transposase MICBce3~~~COG3385
L040_GCF_002555385.1_mphM_1	MICBan1	79.498	239	239	388	99	2.49e-130	370	MICBan1 ~~~~~~IS4 family transposase MICBan1~~~COG3385
