locus_id	assembly_accession	determinant	context_status	mobility_class	protein_id	reference	annotation	protein_start_local	protein_stop_local	protein_strand	distance_to_AMR_bp	relative_position	evidence_source
L002_GCF_002566845.1_abaF_NZ_NUZN01000021.1_8036-9307	GCF_002566845.1	abaF	truncated_left	insertion_sequence_transposase	L002_GCF_002566845.1_abaF_15	IS231E	IS231E ~~~~~~IS4 family transposase IS231E~~~COG3385	15181	16617	+	5873	downstream	Prokka bacterial IS database / BLASTP
L017_GCF_002575305.1_mphM_NZ_NUHS01000006.1_15308-16204	GCF_002575305.1	mphM	complete	insertion_sequence_transposase	L017_GCF_002575305.1_mphM_1	ISBce5	ISBce5 ~~~~~~IS4 family transposase ISBce5~~~COG3385	1	1212	+	8788	upstream	Prokka bacterial IS database / BLASTP
L018_GCF_002575365.1_mphM_NZ_NUHU01000015.1_37261-38157	GCF_002575365.1	mphM	complete	insertion_sequence_transposase	L018_GCF_002575365.1_mphM_29	ISBce5	ISBce5 ~~~~~~IS4 family transposase ISBce5~~~COG3385	19808	20896	-	8910	downstream	Prokka bacterial IS database / BLASTP
L019_GCF_002575895.1_mphM_NZ_NUJC01000016.1_33322-34218	GCF_002575895.1	mphM	complete	insertion_sequence_transposase	L019_GCF_002575895.1_mphM_4	ISBce10	ISBce10 ~~~~~~IS4 family transposase ISBce10~~~COG3385	1247	2815	+	7185	upstream	Prokka bacterial IS database / BLASTP
L024_GCF_002568725.1_fosB_NZ_NVFM01000047.1_7064-7477	GCF_002568725.1	fosB	truncated_both	insertion_sequence_transposase	L024_GCF_002568725.1_fosB_8	IS231H	IS231H ~~~~~~IS4 family transposase IS231H~~~COG3385	5425	6861	-	202	upstream	Prokka bacterial IS database / BLASTP
L024_GCF_002568725.1_fosB_NZ_NVFM01000047.1_7064-7477	GCF_002568725.1	fosB	truncated_both	transposon_associated_recombinase_resolvase	L024_GCF_002568725.1_fosB_13	Swiss-Prot convergent hits: bin3/tnpR/hin	transposon-associated recombinase/resolvase	9908	10615	-	2430	downstream	Prokka bacterial Swiss-Prot database / BLASTP
L025_GCF_002580975.1_fosB_NZ_NUSO01000195.1_14544-14957	GCF_002580975.1	fosB	truncated_right	insertion_sequence_transposase	L025_GCF_002580975.1_fosB_12	ISBsu3	ISBsu3 ~~~~~~IS1595 family transposase ISBsu3~~~	11004	11441	-	589	downstream	Prokka bacterial IS database / BLASTP
L025_GCF_002580975.1_fosB_NZ_NUSO01000195.1_14544-14957	GCF_002580975.1	fosB	truncated_right	insertion_sequence_transposase	L025_GCF_002580975.1_fosB_18	ISBth20	ISBth20 ~~~~~~IS6 family transposase ISBth20~~~	18139	18786	-	7724	downstream	Prokka bacterial IS database / BLASTP
L026_GCF_036962425.1_fosB_NZ_JBALNA010000118.1_7325-7735	GCF_036962425.1	fosB	truncated_both	insertion_sequence_transposase	L026_GCF_036962425.1_fosB_4	IS231H	IS231H ~~~~~~IS4 family transposase IS231H~~~COG3385	5158	5886	-	1438	upstream	Prokka bacterial IS database / BLASTP
L026_GCF_036962425.1_fosB_NZ_JBALNA010000118.1_7325-7735	GCF_036962425.1	fosB	truncated_both	insertion_sequence_transposase	L026_GCF_036962425.1_fosB_3	IS231H	IS231H ~~~~~~IS4 family transposase IS231H~~~COG3385	4521	5201	-	2123	upstream	Prokka bacterial IS database / BLASTP
L026_GCF_036962425.1_fosB_NZ_JBALNA010000118.1_7325-7735	GCF_036962425.1	fosB	truncated_both	insertion_sequence_transposase	L026_GCF_036962425.1_fosB_10	ISBth17	ISBth17 ~~~~~~IS200/IS605 family transposase ISBth17~~~	10683	11804	-	2947	downstream	Prokka bacterial IS database / BLASTP
L038_GCF_002555155.1_mleBCB_NZ_NUDB01000017.1_16687-17538	GCF_002555155.1	mleBCB	complete	insertion_sequence_transposase	L038_GCF_002555155.1_mleBCB_8	MICBce6	MICBce6 ~~~~~~IS4 family transposase MICBce6~~~COG3385	5832	7994	+	2006	upstream	Prokka bacterial IS database / BLASTP
L039_GCF_002555305.1_mleBCB_NZ_NUDK01000002.1_180378-181229	GCF_002555305.1	mleBCB	complete	insertion_sequence_transposase	L039_GCF_002555305.1_mleBCB_12	MICBce6	MICBce6 ~~~~~~IS4 family transposase MICBce6~~~COG3385	12874	15036	-	2021	downstream	Prokka bacterial IS database / BLASTP
L040_GCF_002555385.1_mphM_NZ_NUDL01000019.1_6311-7207	GCF_002555385.1	mphM	truncated_left	insertion_sequence_transposase	L040_GCF_002555385.1_mphM_1	MICBce1	MICBce1 ~~~~~~IS4 family transposase MICBce1~~~COG3385	1	717	+	5593	upstream	Prokka bacterial IS database / BLASTP
