locus_id	assembly_accession	determinant	context_status	n_mobility_proteins	n_IS_transposases	n_recombinase_resolvase	nearest_mobility_distance_bp	mobility_evidence_detected
L001_GCF_001617995.1_emrC_NZ_LMUC01000001.1_38044-38403	GCF_001617995.1	emrC	complete	0	0	0		False
L002_GCF_002566845.1_abaF_NZ_NUZN01000021.1_8036-9307	GCF_002566845.1	abaF	truncated_left	1	1	0	5873.0	True
L003_GCF_002567785.1_abaF_NZ_NVBD01000111.1_9830-11101	GCF_002567785.1	abaF	truncated_both	0	0	0		False
L004_GCF_002583515.1_abaF_NZ_NUPQ01000068.1_204-1475	GCF_002583515.1	abaF	truncated_left	0	0	0		False
L005_GCF_024495135.1_abaF_NZ_JANHDW010000015.1_23950-25221	GCF_024495135.1	abaF	complete	0	0	0		False
L006_GCF_036621235.1_fosBx1_NZ_JAZIBK010000014.1_123654-124067	GCF_036621235.1	fosBx1	complete	0	0	0		False
L007_GCF_002993765.1_blaTEM_NZ_PVXC01000040.1_2-517	GCF_002993765.1	blaTEM	truncated_both	0	0	0		False
L008_GCF_002993735.1_emrC_NZ_PVXD01000001.1_479246-479620	GCF_002993735.1	emrC	complete	0	0	0		False
L009_GCF_060371875.1_mleBCB_NZ_JCCFJE010000010.1_3246-4088	GCF_060371875.1	mleBCB	truncated_both	0	0	0		False
L010_GCF_036966405.1_aph(3')-IIa_NZ_JBALRJ010000251.1_3-767	GCF_036966405.1	aph(3')-IIa	truncated_both	0	0	0		False
L011_GCF_040492755.1_emrC_NZ_JBEUTX010000033.1_115-447	GCF_040492755.1	emrC	truncated_left	0	0	0		False
L012_GCF_040492895.1_emrC_NZ_JBEUUE010000019.1_198-557	GCF_040492895.1	emrC	truncated_left	0	0	0		False
L013_GCF_040151275.1_blaTEM_NZ_JAXOWG010000016.1_262-1011	GCF_040151275.1	blaTEM	truncated_both	0	0	0		False
L014_GCF_053895045.1_msr(D)_NZ_JBSVMM010000022.1_165-1211	GCF_053895045.1	msr(D)	truncated_both	0	0	0		False
L015_GCF_036621355.1_fosBx1_NZ_JAZIFE010000014.1_123654-124067	GCF_036621355.1	fosBx1	complete	0	0	0		False
L016_GCF_002558235.1_mphM_NZ_NTVQ01000045.1_19909-20805	GCF_002558235.1	mphM	complete	0	0	0		False
L017_GCF_002575305.1_mphM_NZ_NUHS01000006.1_15308-16204	GCF_002575305.1	mphM	complete	1	1	0	8788.0	True
L018_GCF_002575365.1_mphM_NZ_NUHU01000015.1_37261-38157	GCF_002575365.1	mphM	complete	1	1	0	8910.0	True
L019_GCF_002575895.1_mphM_NZ_NUJC01000016.1_33322-34218	GCF_002575895.1	mphM	complete	1	1	0	7185.0	True
L020_GCF_036621275.1_mphM_NZ_JAZIFA010000002.1_331794-332687	GCF_036621275.1	mphM	complete	0	0	0		False
L021_GCF_036621295.1_mphM_NZ_JAZIFD010000007.1_100208-101101	GCF_036621295.1	mphM	complete	0	0	0		False
L022_GCF_036621315.1_mphM_NZ_JAZIFB010000004.1_331840-332733	GCF_036621315.1	mphM	complete	0	0	0		False
L023_GCF_002552785.1_blaIII_NZ_NVPE01000139.1_1-531	GCF_002552785.1	blaIII	truncated_both	0	0	0		False
L024_GCF_002568725.1_fosB_NZ_NVFM01000047.1_7064-7477	GCF_002568725.1	fosB	truncated_both	2	1	1	202.0	True
L025_GCF_002580975.1_fosB_NZ_NUSO01000195.1_14544-14957	GCF_002580975.1	fosB	truncated_right	2	2	0	589.0	True
L026_GCF_036962425.1_fosB_NZ_JBALNA010000118.1_7325-7735	GCF_036962425.1	fosB	truncated_both	3	3	0	1438.0	True
L027_GCF_004294525.1_aadK_NZ_SHOC01000057.1_2-565	GCF_004294525.1	aadK	truncated_both	0	0	0		False
L028_GCF_013348705.1_ant(9)-Ia_NZ_CP054714.1_1026117-1026896	GCF_013348705.1	ant(9)-Ia	complete	0	0	0		False
L029_GCF_013348705.1_aph(3')-IIIa_NZ_CP054714.1_1454776-1455567	GCF_013348705.1	aph(3')-IIIa	complete	0	0	0		False
L030_GCF_022370935.1_aph(3')-IIIa_NZ_CP092412.1_735094-735885	GCF_022370935.1	aph(3')-IIIa	complete	0	0	0		False
L031_GCF_022370935.1_aph(3')-IIIa_NZ_CP092412.1_3656878-3657669	GCF_022370935.1	aph(3')-IIIa	complete	0	0	0		False
L032_GCF_003854915.1_emrC_NZ_CP033967.1_663958-664317	GCF_003854915.1	emrC	complete	0	0	0		False
L033_GCF_045924925.1_emrC_NZ_CP166492.1_2184764-2185123	GCF_045924925.1	emrC	complete	0	0	0		False
L034_GCF_050445565.1_emrC_NZ_JBBULW010000002.1_35059-35418	GCF_050445565.1	emrC	complete	0	0	0		False
L035_GCF_059147205.1_emrC_NZ_CM181145.1_1650434-1650793	GCF_059147205.1	emrC	complete	0	0	0		False
L036_GCF_977015535.1_emrC_NZ_CDRNOD010000001.1_2202911-2203270	GCF_977015535.1	emrC	complete	0	0	0		False
L037_GCF_031324265.1_erm(B)_NZ_JAVIVO010000001.1_2341342-2342076	GCF_031324265.1	erm(B)	complete	0	0	0		False
L038_GCF_002555155.1_mleBCB_NZ_NUDB01000017.1_16687-17538	GCF_002555155.1	mleBCB	complete	1	1	0	2006.0	True
L039_GCF_002555305.1_mleBCB_NZ_NUDK01000002.1_180378-181229	GCF_002555305.1	mleBCB	complete	1	1	0	2021.0	True
L040_GCF_002555385.1_mphM_NZ_NUDL01000019.1_6311-7207	GCF_002555385.1	mphM	truncated_left	1	1	0	5593.0	True
L041_GCF_036963245.1_mphM_NZ_JBALMF010000073.1_406-1302	GCF_036963245.1	mphM	truncated_left	0	0	0		False
