accession	species	determinant	species_n	carrier_n	prevalence_pct	n_loci	Contig id	Start	Stop	Strand	Element name	Class	Subclass	Method	% Coverage of reference	% Identity to reference	Closest reference accession	Closest reference name
GCF_001617995.1	Bacillus amyloliquefaciens	emrC	36	1	2.7777777777777777	1	NZ_LMUC01000001.1	38044	38403	+	multidrug efflux transporter outer membrane subunit EmrC	QUATERNARY AMMONIUM	QUATERNARY AMMONIUM	BLASTX	93.75	80.0	EAC4468893.1	multidrug efflux transporter outer membrane subunit EmrC
GCF_002566845.1	Bacillus cereus	abaF	116	4	3.4482758620689653	1	NZ_NUZN01000021.1	8036	9307	+	fosfomycin efflux MFS transporter AbaF	FOSFOMYCIN	FOSFOMYCIN	BLASTX	98.83	85.38	ABO11759.2	fosfomycin efflux MFS transporter AbaF
GCF_002567785.1	Bacillus cereus	abaF	116	4	3.4482758620689653	1	NZ_NVBD01000111.1	9830	11101	+	fosfomycin efflux MFS transporter AbaF	FOSFOMYCIN	FOSFOMYCIN	BLASTX	98.83	85.38	ABO11759.2	fosfomycin efflux MFS transporter AbaF
GCF_002583515.1	Bacillus cereus	abaF	116	4	3.4482758620689653	1	NZ_NUPQ01000068.1	204	1475	-	fosfomycin efflux MFS transporter AbaF	FOSFOMYCIN	FOSFOMYCIN	BLASTX	98.83	85.61	ABO11759.2	fosfomycin efflux MFS transporter AbaF
GCF_024495135.1	Bacillus cereus	abaF	116	4	3.4482758620689653	1	NZ_JANHDW010000015.1	23950	25221	-	fosfomycin efflux MFS transporter AbaF	FOSFOMYCIN	FOSFOMYCIN	BLASTX	98.83	86.32	ABO11759.2	fosfomycin efflux MFS transporter AbaF
GCF_036621235.1	Bacillus cereus	fosBx1	116	1	0.8620689655172413	1	NZ_JAZIBK010000014.1	123654	124067	-	fosfomycin resistance bacillithiol transferase FosBx1	FOSFOMYCIN	FOSFOMYCIN	ALLELEX	100.0	100.0	WP_000943763.1	fosfomycin resistance bacillithiol transferase FosBx1
GCF_002993765.1	Bacillus halotolerans	blaTEM	38	1	2.631578947368421	1	NZ_PVXC01000040.1	2	517	+	TEM family class A beta-lactamase	BETA-LACTAM	BETA-LACTAM	PARTIAL_CONTIG_ENDX	60.14	99.42	WP_000027050.1	broad-spectrum class A beta-lactamase TEM-116
GCF_002993735.1	Bacillus halotolerans	emrC	38	1	2.631578947368421	1	NZ_PVXD01000001.1	479246	479620	+	multidrug efflux transporter outer membrane subunit EmrC	QUATERNARY AMMONIUM	QUATERNARY AMMONIUM	BLASTX	97.66	80.0	EAC4468893.1	multidrug efflux transporter outer membrane subunit EmrC
GCF_060371875.1	Bacillus pseudomycoides	mleBCB	32	1	3.125	1	NZ_JCCFJE010000010.1	3246	4088	-	BCB family alpha/beta fold macrolide esterase	MACROLIDE	TYLOSIN	BLASTX	97.91	91.81	WP_459076516.1	BCB family alpha/beta fold macrolide esterase
GCF_036966405.1	Bacillus safensis	aph(3')-IIa	50	1	2.0	1	NZ_JBALRJ010000251.1	3	767	+	aminoglycoside O-phosphotransferase APH(3')-IIa	AMINOGLYCOSIDE	KANAMYCIN	BLASTX	96.59	99.61	WP_000572405.1	aminoglycoside O-phosphotransferase APH(3')-IIa
GCF_040492755.1	Bacillus safensis	emrC	50	2	4.0	1	NZ_JBEUTX010000033.1	115	447	-	multidrug efflux transporter outer membrane subunit EmrC	QUATERNARY AMMONIUM	QUATERNARY AMMONIUM	PARTIALX	86.72	83.78	EAC4468893.1	multidrug efflux transporter outer membrane subunit EmrC
GCF_040492895.1	Bacillus safensis	emrC	50	2	4.0	1	NZ_JBEUUE010000019.1	198	557	-	multidrug efflux transporter outer membrane subunit EmrC	QUATERNARY AMMONIUM	QUATERNARY AMMONIUM	BLASTX	93.75	80.0	EAC4468893.1	multidrug efflux transporter outer membrane subunit EmrC
GCF_040151275.1	Bacillus subtilis	blaTEM	103	1	0.970873786407767	1	NZ_JAXOWG010000016.1	262	1011	-	TEM family class A beta-lactamase	BETA-LACTAM	BETA-LACTAM	PARTIAL_CONTIG_ENDX	87.41	100.0	WP_000027050.1	broad-spectrum class A beta-lactamase TEM-116
GCF_053895045.1	Bacillus subtilis	msr(D)	103	1	0.970873786407767	1	NZ_JBSVMM010000022.1	165	1211	+	ABC-F type ribosomal protection protein Msr(D)	MACROLIDE/STREPTOGRAMIN	AZITHROMYCIN/ERYTHROMYCIN/STREPTOGRAMIN B	PARTIALX	71.66	95.99	WP_000420313.1	ABC-F type ribosomal protection protein Msr(D)
GCF_036621355.1	Bacillus thuringiensis	fosBx1	141	1	0.7092198581560284	1	NZ_JAZIFE010000014.1	123654	124067	-	fosfomycin resistance bacillithiol transferase FosBx1	FOSFOMYCIN	FOSFOMYCIN	ALLELEX	100.0	100.0	WP_000943763.1	fosfomycin resistance bacillithiol transferase FosBx1
GCF_002558235.1	Bacillus thuringiensis	mphM	141	7	4.964539007092198	1	NZ_NTVQ01000045.1	19909	20805	-	macrolide 2'-phosphotransferase MphM	MACROLIDE	MACROLIDE	BLASTX	100.0	95.99	WP_016078774.1	macrolide 2'-phosphotransferase MphM
GCF_002575305.1	Bacillus thuringiensis	mphM	141	7	4.964539007092198	1	NZ_NUHS01000006.1	15308	16204	-	macrolide 2'-phosphotransferase MphM	MACROLIDE	MACROLIDE	BLASTX	100.0	94.98	WP_016078774.1	macrolide 2'-phosphotransferase MphM
GCF_002575365.1	Bacillus thuringiensis	mphM	141	7	4.964539007092198	1	NZ_NUHU01000015.1	37261	38157	+	macrolide 2'-phosphotransferase MphM	MACROLIDE	MACROLIDE	BLASTX	100.0	94.98	WP_016078774.1	macrolide 2'-phosphotransferase MphM
GCF_002575895.1	Bacillus thuringiensis	mphM	141	7	4.964539007092198	1	NZ_NUJC01000016.1	33322	34218	-	macrolide 2'-phosphotransferase MphM	MACROLIDE	MACROLIDE	BLASTX	100.0	93.98	WP_016078774.1	macrolide 2'-phosphotransferase MphM
GCF_036621275.1	Bacillus thuringiensis	mphM	141	7	4.964539007092198	1	NZ_JAZIFA010000002.1	331794	332687	-	macrolide 2'-phosphotransferase MphM	MACROLIDE	MACROLIDE	BLASTX	99.67	90.6	WP_016078774.1	macrolide 2'-phosphotransferase MphM
GCF_036621295.1	Bacillus thuringiensis	mphM	141	7	4.964539007092198	1	NZ_JAZIFD010000007.1	100208	101101	+	macrolide 2'-phosphotransferase MphM	MACROLIDE	MACROLIDE	BLASTX	99.67	90.6	WP_016078774.1	macrolide 2'-phosphotransferase MphM
GCF_036621315.1	Bacillus thuringiensis	mphM	141	7	4.964539007092198	1	NZ_JAZIFB010000004.1	331840	332733	-	macrolide 2'-phosphotransferase MphM	MACROLIDE	MACROLIDE	BLASTX	99.67	90.6	WP_016078774.1	macrolide 2'-phosphotransferase MphM
GCF_002552785.1	Bacillus toyonensis	blaIII	86	1	1.162790697674419	1	NZ_NVPE01000139.1	1	531	+	class A beta-lactamase BlaIII	BETA-LACTAM	BETA-LACTAM	PARTIAL_CONTIG_ENDX	56.01	91.53	WP_000497840.1	class A beta-lactamase BlaIII
GCF_002568725.1	Bacillus toyonensis	fosB	86	3	3.488372093023256	1	NZ_NVFM01000047.1	7064	7477	-	FosB family fosfomycin resistance bacillithiol transferase	FOSFOMYCIN	FOSFOMYCIN	BLASTX	100.0	99.28	WP_063851229.1	FosB family fosfomycin resistance bacillithiol transferase
GCF_002580975.1	Bacillus toyonensis	fosB	86	3	3.488372093023256	1	NZ_NUSO01000195.1	14544	14957	-	FosB family fosfomycin resistance bacillithiol transferase	FOSFOMYCIN	FOSFOMYCIN	BLASTX	100.0	92.75	WP_063851229.1	FosB family fosfomycin resistance bacillithiol transferase
GCF_036962425.1	Bacillus toyonensis	fosB	86	3	3.488372093023256	1	NZ_JBALNA010000118.1	7325	7735	-	FosB family fosfomycin resistance bacillithiol transferase	FOSFOMYCIN	FOSFOMYCIN	BLASTX	100.0	93.48	WP_063851229.1	FosB family fosfomycin resistance bacillithiol transferase
GCF_004294525.1	Bacillus velezensis	aadK	288	1	0.3472222222222222	1	NZ_SHOC01000057.1	2	565	-	aminoglycoside 6-adenylyltransferase AadK	AMINOGLYCOSIDE	STREPTOMYCIN	PARTIAL_CONTIG_ENDX	66.2	97.34	WP_003229862.1	aminoglycoside 6-adenylyltransferase AadK
GCF_013348705.1	Bacillus velezensis	ant(9)-Ia	288	1	0.3472222222222222	1	NZ_CP054714.1	1026117	1026896	+	aminoglycoside nucleotidyltransferase ANT(9)-Ia	AMINOGLYCOSIDE	SPECTINOMYCIN	EXACTX	100.0	100.0	WP_000067268.1	aminoglycoside nucleotidyltransferase ANT(9)-Ia
GCF_013348705.1	Bacillus velezensis	aph(3')-IIIa	288	2	0.6944444444444444	1	NZ_CP054714.1	1454776	1455567	-	aminoglycoside O-phosphotransferase APH(3')-IIIa	AMINOGLYCOSIDE	AMIKACIN/KANAMYCIN	EXACTX	100.0	100.0	WP_001096887.1	aminoglycoside O-phosphotransferase APH(3')-IIIa
GCF_022370935.1	Bacillus velezensis	aph(3')-IIIa	288	2	0.6944444444444444	2	NZ_CP092412.1	735094	735885	+	aminoglycoside O-phosphotransferase APH(3')-IIIa	AMINOGLYCOSIDE	AMIKACIN/KANAMYCIN	EXACTX	100.0	100.0	WP_001096887.1	aminoglycoside O-phosphotransferase APH(3')-IIIa
GCF_022370935.1	Bacillus velezensis	aph(3')-IIIa	288	2	0.6944444444444444	2	NZ_CP092412.1	3656878	3657669	+	aminoglycoside O-phosphotransferase APH(3')-IIIa	AMINOGLYCOSIDE	AMIKACIN/KANAMYCIN	EXACTX	100.0	100.0	WP_001096887.1	aminoglycoside O-phosphotransferase APH(3')-IIIa
GCF_003854915.1	Bacillus velezensis	emrC	288	5	1.7361111111111112	1	NZ_CP033967.1	663958	664317	+	multidrug efflux transporter outer membrane subunit EmrC	QUATERNARY AMMONIUM	QUATERNARY AMMONIUM	BLASTX	93.75	80.0	EAC4468893.1	multidrug efflux transporter outer membrane subunit EmrC
GCF_045924925.1	Bacillus velezensis	emrC	288	5	1.7361111111111112	1	NZ_CP166492.1	2184764	2185123	+	multidrug efflux transporter outer membrane subunit EmrC	QUATERNARY AMMONIUM	QUATERNARY AMMONIUM	BLASTX	93.75	80.83	EAC4468893.1	multidrug efflux transporter outer membrane subunit EmrC
GCF_050445565.1	Bacillus velezensis	emrC	288	5	1.7361111111111112	1	NZ_JBBULW010000002.1	35059	35418	+	multidrug efflux transporter outer membrane subunit EmrC	QUATERNARY AMMONIUM	QUATERNARY AMMONIUM	BLASTX	93.75	80.0	EAC4468893.1	multidrug efflux transporter outer membrane subunit EmrC
GCF_059147205.1	Bacillus velezensis	emrC	288	5	1.7361111111111112	1	NZ_CM181145.1	1650434	1650793	-	multidrug efflux transporter outer membrane subunit EmrC	QUATERNARY AMMONIUM	QUATERNARY AMMONIUM	BLASTX	93.75	80.0	EAC4468893.1	multidrug efflux transporter outer membrane subunit EmrC
GCF_977015535.1	Bacillus velezensis	emrC	288	5	1.7361111111111112	1	NZ_CDRNOD010000001.1	2202911	2203270	+	multidrug efflux transporter outer membrane subunit EmrC	QUATERNARY AMMONIUM	QUATERNARY AMMONIUM	BLASTX	93.75	80.0	EAC4468893.1	multidrug efflux transporter outer membrane subunit EmrC
GCF_031324265.1	Bacillus velezensis	erm(B)	288	1	0.3472222222222222	1	NZ_JAVIVO010000001.1	2341342	2342076	+	23S rRNA (adenine(2058)-N(6))-methyltransferase Erm(B)	LINCOSAMIDE/MACROLIDE/STREPTOGRAMIN	CLINDAMYCIN/ERYTHROMYCIN/STREPTOGRAMIN B	BLASTX	100.0	99.59	WP_002292226.1	23S rRNA (adenine(2058)-N(6))-methyltransferase Erm(B)
GCF_002555155.1	Bacillus wiedmannii	mleBCB	41	2	4.878048780487805	1	NZ_NUDB01000017.1	16687	17538	+	BCB family alpha/beta fold macrolide esterase	MACROLIDE	TYLOSIN	BLASTX	100.0	96.17	WP_459076516.1	BCB family alpha/beta fold macrolide esterase
GCF_002555305.1	Bacillus wiedmannii	mleBCB	41	2	4.878048780487805	1	NZ_NUDK01000002.1	180378	181229	-	BCB family alpha/beta fold macrolide esterase	MACROLIDE	TYLOSIN	BLASTX	100.0	96.17	WP_459076516.1	BCB family alpha/beta fold macrolide esterase
GCF_002555385.1	Bacillus wiedmannii	mphM	41	2	4.878048780487805	1	NZ_NUDL01000019.1	6311	7207	-	macrolide 2'-phosphotransferase MphM	MACROLIDE	MACROLIDE	BLASTX	100.0	95.65	WP_016078774.1	macrolide 2'-phosphotransferase MphM
GCF_036963245.1	Bacillus wiedmannii	mphM	41	2	4.878048780487805	1	NZ_JBALMF010000073.1	406	1302	-	macrolide 2'-phosphotransferase MphM	MACROLIDE	MACROLIDE	BLASTX	100.0	99.0	WP_016078774.1	macrolide 2'-phosphotransferase MphM
