locus_number	locus_id	accession	species	determinant	contig_id	contig_length_bp	amr_start	amr_stop	strand	left_recovered_bp	right_recovered_bp	window_length_bp	context_status	n_mobility_proteins	n_IS_transposases	n_recombinase_resolvase	nearest_mobility_distance_bp	mobility_evidence_detected	ncbi_explicit_plasmid	ncbi_header	local_mobility_evidence
L001	L001_GCF_001617995.1_emrC_NZ_LMUC01000001.1_38044-38403	GCF_001617995.1	Bacillus amyloliquefaciens	emrC	NZ_LMUC01000001.1	554824	38044	38403	+	10000	10000	20360	complete	0	0	0		False	False	NZ_LMUC01000001.1 Bacillus amyloliquefaciens strain H57 Ga0082361_116, whole genome shotgun sequence	no local mobility protein detected
L002	L002_GCF_002566845.1_abaF_NZ_NUZN01000021.1_8036-9307	GCF_002566845.1	Bacillus cereus	abaF	NZ_NUZN01000021.1	87809	8036	9307	+	8035	10000	19307	truncated_left	1	1	0	5873.0	True	False	NZ_NUZN01000021.1 Bacillus cereus strain AFS074395 AFS074395_100_A3_Contig21_140514, whole genome shotgun sequence	IS-associated protein
L003	L003_GCF_002567785.1_abaF_NZ_NVBD01000111.1_9830-11101	GCF_002567785.1	Bacillus cereus	abaF	NZ_NVBD01000111.1	11385	9830	11101	+	9829	284	11385	truncated_both	0	0	0		False	False	NZ_NVBD01000111.1 Bacillus cereus strain AFS068308 AFS068308_100_A4_Contig111_140514, whole genome shotgun sequence	no local mobility protein detected
L004	L004_GCF_002583515.1_abaF_NZ_NUPQ01000068.1_204-1475	GCF_002583515.1	Bacillus cereus	abaF	NZ_NUPQ01000068.1	42669	204	1475	-	203	10000	11475	truncated_left	0	0	0		False	False	NZ_NUPQ01000068.1 Bacillus cereus strain AFS030055 AFS030055_100_E1_Contig68_140514, whole genome shotgun sequence	no local mobility protein detected
L005	L005_GCF_024495135.1_abaF_NZ_JANHDW010000015.1_23950-25221	GCF_024495135.1	Bacillus cereus	abaF	NZ_JANHDW010000015.1	109961	23950	25221	-	10000	10000	21272	complete	0	0	0		False	False	NZ_JANHDW010000015.1 Bacillus cereus strain B003-4 NODE_15_length_109961_cov_31.433548, whole genome shotgun sequence	no local mobility protein detected
L006	L006_GCF_036621235.1_fosBx1_NZ_JAZIBK010000014.1_123654-124067	GCF_036621235.1	Bacillus cereus	fosBx1	NZ_JAZIBK010000014.1	171500	123654	124067	-	10000	10000	20414	complete	0	0	0		False	False	NZ_JAZIBK010000014.1 Bacillus cereus strain B27 NODE_14, whole genome shotgun sequence	no local mobility protein detected
L007	L007_GCF_002993765.1_blaTEM_NZ_PVXC01000040.1_2-517	GCF_002993765.1	Bacillus halotolerans	blaTEM	NZ_PVXC01000040.1	530	2	517	+	1	13	530	truncated_both	0	0	0		False	False	NZ_PVXC01000040.1 Bacillus halotolerans strain 36 NODE_40_length_568_cov_1.28345, whole genome shotgun sequence	no local mobility protein detected
L008	L008_GCF_002993735.1_emrC_NZ_PVXD01000001.1_479246-479620	GCF_002993735.1	Bacillus halotolerans	emrC	NZ_PVXD01000001.1	576791	479246	479620	+	10000	10000	20375	complete	0	0	0		False	False	NZ_PVXD01000001.1 Bacillus halotolerans strain B19 NODE_1_length_576791_cov_54.3803, whole genome shotgun sequence	no local mobility protein detected
L009	L009_GCF_060371875.1_mleBCB_NZ_JCCFJE010000010.1_3246-4088	GCF_060371875.1	Bacillus pseudomycoides	mleBCB	NZ_JCCFJE010000010.1	7554	3246	4088	-	3245	3466	7554	truncated_both	0	0	0		False	False	NZ_JCCFJE010000010.1 Bacillus pseudomycoides voucher Soil R25 isolate LL56 contig_27, whole genome shotgun sequence	no local mobility protein detected
L010	L010_GCF_036966405.1_aph(3')-IIa_NZ_JBALRJ010000251.1_3-767	GCF_036966405.1	Bacillus safensis	aph(3')-IIa	NZ_JBALRJ010000251.1	1436	3	767	+	2	669	1436	truncated_both	0	0	0		False	False	NZ_JBALRJ010000251.1 Bacillus safensis strain JJ326 JJ-326_contig_348, whole genome shotgun sequence	no local mobility protein detected
L011	L011_GCF_040492755.1_emrC_NZ_JBEUTX010000033.1_115-447	GCF_040492755.1	Bacillus safensis	emrC	NZ_JBEUTX010000033.1	41408	115	447	-	114	10000	10447	truncated_left	0	0	0		False	False	NZ_JBEUTX010000033.1 Bacillus safensis strain JJ917 JJ-917_ODE_33_length_41408_cov_111.636080, whole genome shotgun sequence	no local mobility protein detected
L012	L012_GCF_040492895.1_emrC_NZ_JBEUUE010000019.1_198-557	GCF_040492895.1	Bacillus safensis	emrC	NZ_JBEUUE010000019.1	17736	198	557	-	197	10000	10557	truncated_left	0	0	0		False	False	NZ_JBEUUE010000019.1 Bacillus safensis strain JJ1770 JJ-1770_contig_19, whole genome shotgun sequence	no local mobility protein detected
L013	L013_GCF_040151275.1_blaTEM_NZ_JAXOWG010000016.1_262-1011	GCF_040151275.1	Bacillus subtilis	blaTEM	NZ_JAXOWG010000016.1	1011	262	1011	-	261	0	1011	truncated_both	0	0	0		False	False	NZ_JAXOWG010000016.1 Bacillus subtilis strain M17KBT1A NODE_16_length_1011_cov_2.074946, whole genome shotgun sequence	no local mobility protein detected
L014	L014_GCF_053895045.1_msr(D)_NZ_JBSVMM010000022.1_165-1211	GCF_053895045.1	Bacillus subtilis	msr(D)	NZ_JBSVMM010000022.1	1651	165	1211	+	164	440	1651	truncated_both	0	0	0		False	False	NZ_JBSVMM010000022.1 Bacillus subtilis strain A7 k141_4880, whole genome shotgun sequence	no local mobility protein detected
L015	L015_GCF_036621355.1_fosBx1_NZ_JAZIFE010000014.1_123654-124067	GCF_036621355.1	Bacillus thuringiensis	fosBx1	NZ_JAZIFE010000014.1	171500	123654	124067	-	10000	10000	20414	complete	0	0	0		False	False	NZ_JAZIFE010000014.1 Bacillus thuringiensis strain B20 NODE_14, whole genome shotgun sequence	no local mobility protein detected
L016	L016_GCF_002558235.1_mphM_NZ_NTVQ01000045.1_19909-20805	GCF_002558235.1	Bacillus thuringiensis	mphM	NZ_NTVQ01000045.1	55295	19909	20805	-	10000	10000	20897	complete	0	0	0		False	False	NZ_NTVQ01000045.1 Bacillus thuringiensis strain AFS012085 AFS012085_120_E8_Contig40_140618, whole genome shotgun sequence	no local mobility protein detected
L017	L017_GCF_002575305.1_mphM_NZ_NUHS01000006.1_15308-16204	GCF_002575305.1	Bacillus thuringiensis	mphM	NZ_NUHS01000006.1	53142	15308	16204	-	10000	10000	20897	complete	1	1	0	8788.0	True	False	NZ_NUHS01000006.1 Bacillus thuringiensis strain AFS052794 AFS052794_102_F6_Contig6_140514, whole genome shotgun sequence	IS-associated protein
L018	L018_GCF_002575365.1_mphM_NZ_NUHU01000015.1_37261-38157	GCF_002575365.1	Bacillus thuringiensis	mphM	NZ_NUHU01000015.1	53421	37261	38157	+	10000	10000	20897	complete	1	1	0	8910.0	True	False	NZ_NUHU01000015.1 Bacillus thuringiensis strain AFS052676 AFS052676_99_E7_Contig15_140514, whole genome shotgun sequence	IS-associated protein
L019	L019_GCF_002575895.1_mphM_NZ_NUJC01000016.1_33322-34218	GCF_002575895.1	Bacillus thuringiensis	mphM	NZ_NUJC01000016.1	48814	33322	34218	-	10000	10000	20897	complete	1	1	0	7185.0	True	False	NZ_NUJC01000016.1 Bacillus thuringiensis strain AFS048014 AFS048014_96_F10_Contig13_140514, whole genome shotgun sequence	IS-associated protein
L020	L020_GCF_036621275.1_mphM_NZ_JAZIFA010000002.1_331794-332687	GCF_036621275.1	Bacillus thuringiensis	mphM	NZ_JAZIFA010000002.1	480733	331794	332687	-	10000	10000	20894	complete	0	0	0		False	False	NZ_JAZIFA010000002.1 Bacillus thuringiensis strain B6 NODE_2, whole genome shotgun sequence	no local mobility protein detected
L021	L021_GCF_036621295.1_mphM_NZ_JAZIFD010000007.1_100208-101101	GCF_036621295.1	Bacillus thuringiensis	mphM	NZ_JAZIFD010000007.1	313382	100208	101101	+	10000	10000	20894	complete	0	0	0		False	False	NZ_JAZIFD010000007.1 Bacillus thuringiensis strain B4 NODE_7, whole genome shotgun sequence	no local mobility protein detected
L022	L022_GCF_036621315.1_mphM_NZ_JAZIFB010000004.1_331840-332733	GCF_036621315.1	Bacillus thuringiensis	mphM	NZ_JAZIFB010000004.1	406579	331840	332733	-	10000	10000	20894	complete	0	0	0		False	False	NZ_JAZIFB010000004.1 Bacillus thuringiensis strain B9 NODE_4, whole genome shotgun sequence	no local mobility protein detected
L023	L023_GCF_002552785.1_blaIII_NZ_NVPE01000139.1_1-531	GCF_002552785.1	Bacillus toyonensis	blaIII	NZ_NVPE01000139.1	533	1	531	+	0	2	533	truncated_both	0	0	0		False	False	NZ_NVPE01000139.1 Bacillus toyonensis strain AFS089449 AFS089449_73_D12_Contig139_140411, whole genome shotgun sequence	no local mobility protein detected
L024	L024_GCF_002568725.1_fosB_NZ_NVFM01000047.1_7064-7477	GCF_002568725.1	Bacillus toyonensis	fosB	NZ_NVFM01000047.1	10770	7064	7477	-	7063	3293	10770	truncated_both	2	1	1	202.0	True	False	NZ_NVFM01000047.1 Bacillus toyonensis strain AFS083448 AFS083448_73_A8_Contig47_140411, whole genome shotgun sequence	IS + recombinase/resolvase
L025	L025_GCF_002580975.1_fosB_NZ_NUSO01000195.1_14544-14957	GCF_002580975.1	Bacillus toyonensis	fosB	NZ_NUSO01000195.1	23415	14544	14957	-	10000	8458	18872	truncated_right	2	2	0	589.0	True	False	NZ_NUSO01000195.1 Bacillus toyonensis strain AFS044634 AFS044634_105_A7_Contig195_140523, whole genome shotgun sequence	IS-associated protein
L026	L026_GCF_036962425.1_fosB_NZ_JBALNA010000118.1_7325-7735	GCF_036962425.1	Bacillus toyonensis	fosB	NZ_JBALNA010000118.1	13401	7325	7735	-	7324	5666	13401	truncated_both	3	3	0	1438.0	True	False	NZ_JBALNA010000118.1 Bacillus toyonensis strain JJ480 JJ-480_contig_122, whole genome shotgun sequence	IS-associated protein
L027	L027_GCF_004294525.1_aadK_NZ_SHOC01000057.1_2-565	GCF_004294525.1	Bacillus velezensis	aadK	NZ_SHOC01000057.1	832	2	565	-	1	267	832	truncated_both	0	0	0		False	False	NZ_SHOC01000057.1 Bacillus velezensis strain A3 NODE_59_length_832_cov_1.032624, whole genome shotgun sequence	no local mobility protein detected
L028	L028_GCF_013348705.1_ant(9)-Ia_NZ_CP054714.1_1026117-1026896	GCF_013348705.1	Bacillus velezensis	ant(9)-Ia	NZ_CP054714.1	3922134	1026117	1026896	+	10000	10000	20780	complete	0	0	0		False	False	NZ_CP054714.1 Bacillus velezensis strain KKLW chromosome, complete genome	no local mobility protein detected
L029	L029_GCF_013348705.1_aph(3')-IIIa_NZ_CP054714.1_1454776-1455567	GCF_013348705.1	Bacillus velezensis	aph(3')-IIIa	NZ_CP054714.1	3922134	1454776	1455567	-	10000	10000	20792	complete	0	0	0		False	False	NZ_CP054714.1 Bacillus velezensis strain KKLW chromosome, complete genome	no local mobility protein detected
L030	L030_GCF_022370935.1_aph(3')-IIIa_NZ_CP092412.1_735094-735885	GCF_022370935.1	Bacillus velezensis	aph(3')-IIIa	NZ_CP092412.1	3923952	735094	735885	+	10000	10000	20792	complete	0	0	0		False	False	NZ_CP092412.1 Bacillus velezensis strain HNU24 chromosome, complete genome	no local mobility protein detected
L031	L031_GCF_022370935.1_aph(3')-IIIa_NZ_CP092412.1_3656878-3657669	GCF_022370935.1	Bacillus velezensis	aph(3')-IIIa	NZ_CP092412.1	3923952	3656878	3657669	+	10000	10000	20792	complete	0	0	0		False	False	NZ_CP092412.1 Bacillus velezensis strain HNU24 chromosome, complete genome	no local mobility protein detected
L032	L032_GCF_003854915.1_emrC_NZ_CP033967.1_663958-664317	GCF_003854915.1	Bacillus velezensis	emrC	NZ_CP033967.1	4141063	663958	664317	+	10000	10000	20360	complete	0	0	0		False	False	NZ_CP033967.1 Bacillus velezensis strain 1B-23 chromosome, complete genome	no local mobility protein detected
L033	L033_GCF_045924925.1_emrC_NZ_CP166492.1_2184764-2185123	GCF_045924925.1	Bacillus velezensis	emrC	NZ_CP166492.1	3974852	2184764	2185123	+	10000	10000	20360	complete	0	0	0		False	False	NZ_CP166492.1 Bacillus velezensis strain BC248L1-1 chromosome, complete genome	no local mobility protein detected
L034	L034_GCF_050445565.1_emrC_NZ_JBBULW010000002.1_35059-35418	GCF_050445565.1	Bacillus velezensis	emrC	NZ_JBBULW010000002.1	1088741	35059	35418	+	10000	10000	20360	complete	0	0	0		False	False	NZ_JBBULW010000002.1 Bacillus velezensis strain FaR1 NODE_2_length_1088741_cov_51.528186, whole genome shotgun sequence	no local mobility protein detected
L035	L035_GCF_059147205.1_emrC_NZ_CM181145.1_1650434-1650793	GCF_059147205.1	Bacillus velezensis	emrC	NZ_CM181145.1	4216747	1650434	1650793	-	10000	10000	20360	complete	0	0	0		False	False	NZ_CM181145.1 Bacillus velezensis isolate C3E1 chromosome, whole genome shotgun sequence	no local mobility protein detected
L036	L036_GCF_977015535.1_emrC_NZ_CDRNOD010000001.1_2202911-2203270	GCF_977015535.1	Bacillus velezensis	emrC	NZ_CDRNOD010000001.1	4074818	2202911	2203270	+	10000	10000	20360	complete	0	0	0		False	False	NZ_CDRNOD010000001.1 Bacillus velezensis isolate BSCM101 BSCM_101-1, whole genome shotgun sequence	no local mobility protein detected
L037	L037_GCF_031324265.1_erm(B)_NZ_JAVIVO010000001.1_2341342-2342076	GCF_031324265.1	Bacillus velezensis	erm(B)	NZ_JAVIVO010000001.1	2438332	2341342	2342076	+	10000	10000	20735	complete	0	0	0		False	False	NZ_JAVIVO010000001.1 Bacillus velezensis strain DY26 1, whole genome shotgun sequence	no local mobility protein detected
L038	L038_GCF_002555155.1_mleBCB_NZ_NUDB01000017.1_16687-17538	GCF_002555155.1	Bacillus wiedmannii	mleBCB	NZ_NUDB01000017.1	181605	16687	17538	+	10000	10000	20852	complete	1	1	0	2006.0	True	False	NZ_NUDB01000017.1 Bacillus wiedmannii strain AFS013151 AFS013151_120_G8_Contig17_140618, whole genome shotgun sequence	IS-associated protein
L039	L039_GCF_002555305.1_mleBCB_NZ_NUDK01000002.1_180378-181229	GCF_002555305.1	Bacillus wiedmannii	mleBCB	NZ_NUDK01000002.1	340909	180378	181229	-	10000	10000	20852	complete	1	1	0	2021.0	True	False	NZ_NUDK01000002.1 Bacillus wiedmannii strain AFS011149 AFS011149_96_C10_Contig2_140514, whole genome shotgun sequence	IS-associated protein
L040	L040_GCF_002555385.1_mphM_NZ_NUDL01000019.1_6311-7207	GCF_002555385.1	Bacillus wiedmannii	mphM	NZ_NUDL01000019.1	23424	6311	7207	-	6310	10000	17207	truncated_left	1	1	0	5593.0	True	False	NZ_NUDL01000019.1 Bacillus wiedmannii strain AFS010764 AFS010764_73_A11_Contig19_140411, whole genome shotgun sequence	IS-associated protein
L041	L041_GCF_036963245.1_mphM_NZ_JBALMF010000073.1_406-1302	GCF_036963245.1	Bacillus wiedmannii	mphM	NZ_JBALMF010000073.1	23085	406	1302	-	405	10000	11302	truncated_left	0	0	0		False	False	NZ_JBALMF010000073.1 Bacillus wiedmannii strain JJ789 JJ-789_contig_73, whole genome shotgun sequence	no local mobility protein detected
