locus_id	accession	species	determinant	contig_id	contig_length_bp	amr_start	amr_stop	strand	target_flank_bp	left_available_bp	right_available_bp	left_recovered_bp	right_recovered_bp	window_start	window_stop	window_length_bp	context_status	window_file
L001_GCF_001617995.1_emrC_NZ_LMUC01000001.1_38044-38403	GCF_001617995.1	Bacillus amyloliquefaciens	emrC	NZ_LMUC01000001.1	554824	38044	38403	+	10000	38043	516421	10000	10000	28044	48403	20360	complete	L001_GCF_001617995.1_emrC.fna
L002_GCF_002566845.1_abaF_NZ_NUZN01000021.1_8036-9307	GCF_002566845.1	Bacillus cereus	abaF	NZ_NUZN01000021.1	87809	8036	9307	+	10000	8035	78502	8035	10000	1	19307	19307	truncated_left	L002_GCF_002566845.1_abaF.fna
L003_GCF_002567785.1_abaF_NZ_NVBD01000111.1_9830-11101	GCF_002567785.1	Bacillus cereus	abaF	NZ_NVBD01000111.1	11385	9830	11101	+	10000	9829	284	9829	284	1	11385	11385	truncated_both	L003_GCF_002567785.1_abaF.fna
L004_GCF_002583515.1_abaF_NZ_NUPQ01000068.1_204-1475	GCF_002583515.1	Bacillus cereus	abaF	NZ_NUPQ01000068.1	42669	204	1475	-	10000	203	41194	203	10000	1	11475	11475	truncated_left	L004_GCF_002583515.1_abaF.fna
L005_GCF_024495135.1_abaF_NZ_JANHDW010000015.1_23950-25221	GCF_024495135.1	Bacillus cereus	abaF	NZ_JANHDW010000015.1	109961	23950	25221	-	10000	23949	84740	10000	10000	13950	35221	21272	complete	L005_GCF_024495135.1_abaF.fna
L006_GCF_036621235.1_fosBx1_NZ_JAZIBK010000014.1_123654-124067	GCF_036621235.1	Bacillus cereus	fosBx1	NZ_JAZIBK010000014.1	171500	123654	124067	-	10000	123653	47433	10000	10000	113654	134067	20414	complete	L006_GCF_036621235.1_fosBx1.fna
L007_GCF_002993765.1_blaTEM_NZ_PVXC01000040.1_2-517	GCF_002993765.1	Bacillus halotolerans	blaTEM	NZ_PVXC01000040.1	530	2	517	+	10000	1	13	1	13	1	530	530	truncated_both	L007_GCF_002993765.1_blaTEM.fna
L008_GCF_002993735.1_emrC_NZ_PVXD01000001.1_479246-479620	GCF_002993735.1	Bacillus halotolerans	emrC	NZ_PVXD01000001.1	576791	479246	479620	+	10000	479245	97171	10000	10000	469246	489620	20375	complete	L008_GCF_002993735.1_emrC.fna
L009_GCF_060371875.1_mleBCB_NZ_JCCFJE010000010.1_3246-4088	GCF_060371875.1	Bacillus pseudomycoides	mleBCB	NZ_JCCFJE010000010.1	7554	3246	4088	-	10000	3245	3466	3245	3466	1	7554	7554	truncated_both	L009_GCF_060371875.1_mleBCB.fna
L010_GCF_036966405.1_aph(3')-IIa_NZ_JBALRJ010000251.1_3-767	GCF_036966405.1	Bacillus safensis	aph(3')-IIa	NZ_JBALRJ010000251.1	1436	3	767	+	10000	2	669	2	669	1	1436	1436	truncated_both	L010_GCF_036966405.1_aph3-IIa.fna
L011_GCF_040492755.1_emrC_NZ_JBEUTX010000033.1_115-447	GCF_040492755.1	Bacillus safensis	emrC	NZ_JBEUTX010000033.1	41408	115	447	-	10000	114	40961	114	10000	1	10447	10447	truncated_left	L011_GCF_040492755.1_emrC.fna
L012_GCF_040492895.1_emrC_NZ_JBEUUE010000019.1_198-557	GCF_040492895.1	Bacillus safensis	emrC	NZ_JBEUUE010000019.1	17736	198	557	-	10000	197	17179	197	10000	1	10557	10557	truncated_left	L012_GCF_040492895.1_emrC.fna
L013_GCF_040151275.1_blaTEM_NZ_JAXOWG010000016.1_262-1011	GCF_040151275.1	Bacillus subtilis	blaTEM	NZ_JAXOWG010000016.1	1011	262	1011	-	10000	261	0	261	0	1	1011	1011	truncated_both	L013_GCF_040151275.1_blaTEM.fna
L014_GCF_053895045.1_msr(D)_NZ_JBSVMM010000022.1_165-1211	GCF_053895045.1	Bacillus subtilis	msr(D)	NZ_JBSVMM010000022.1	1651	165	1211	+	10000	164	440	164	440	1	1651	1651	truncated_both	L014_GCF_053895045.1_msrD.fna
L015_GCF_036621355.1_fosBx1_NZ_JAZIFE010000014.1_123654-124067	GCF_036621355.1	Bacillus thuringiensis	fosBx1	NZ_JAZIFE010000014.1	171500	123654	124067	-	10000	123653	47433	10000	10000	113654	134067	20414	complete	L015_GCF_036621355.1_fosBx1.fna
L016_GCF_002558235.1_mphM_NZ_NTVQ01000045.1_19909-20805	GCF_002558235.1	Bacillus thuringiensis	mphM	NZ_NTVQ01000045.1	55295	19909	20805	-	10000	19908	34490	10000	10000	9909	30805	20897	complete	L016_GCF_002558235.1_mphM.fna
L017_GCF_002575305.1_mphM_NZ_NUHS01000006.1_15308-16204	GCF_002575305.1	Bacillus thuringiensis	mphM	NZ_NUHS01000006.1	53142	15308	16204	-	10000	15307	36938	10000	10000	5308	26204	20897	complete	L017_GCF_002575305.1_mphM.fna
L018_GCF_002575365.1_mphM_NZ_NUHU01000015.1_37261-38157	GCF_002575365.1	Bacillus thuringiensis	mphM	NZ_NUHU01000015.1	53421	37261	38157	+	10000	37260	15264	10000	10000	27261	48157	20897	complete	L018_GCF_002575365.1_mphM.fna
L019_GCF_002575895.1_mphM_NZ_NUJC01000016.1_33322-34218	GCF_002575895.1	Bacillus thuringiensis	mphM	NZ_NUJC01000016.1	48814	33322	34218	-	10000	33321	14596	10000	10000	23322	44218	20897	complete	L019_GCF_002575895.1_mphM.fna
L020_GCF_036621275.1_mphM_NZ_JAZIFA010000002.1_331794-332687	GCF_036621275.1	Bacillus thuringiensis	mphM	NZ_JAZIFA010000002.1	480733	331794	332687	-	10000	331793	148046	10000	10000	321794	342687	20894	complete	L020_GCF_036621275.1_mphM.fna
L021_GCF_036621295.1_mphM_NZ_JAZIFD010000007.1_100208-101101	GCF_036621295.1	Bacillus thuringiensis	mphM	NZ_JAZIFD010000007.1	313382	100208	101101	+	10000	100207	212281	10000	10000	90208	111101	20894	complete	L021_GCF_036621295.1_mphM.fna
L022_GCF_036621315.1_mphM_NZ_JAZIFB010000004.1_331840-332733	GCF_036621315.1	Bacillus thuringiensis	mphM	NZ_JAZIFB010000004.1	406579	331840	332733	-	10000	331839	73846	10000	10000	321840	342733	20894	complete	L022_GCF_036621315.1_mphM.fna
L023_GCF_002552785.1_blaIII_NZ_NVPE01000139.1_1-531	GCF_002552785.1	Bacillus toyonensis	blaIII	NZ_NVPE01000139.1	533	1	531	+	10000	0	2	0	2	1	533	533	truncated_both	L023_GCF_002552785.1_blaIII.fna
L024_GCF_002568725.1_fosB_NZ_NVFM01000047.1_7064-7477	GCF_002568725.1	Bacillus toyonensis	fosB	NZ_NVFM01000047.1	10770	7064	7477	-	10000	7063	3293	7063	3293	1	10770	10770	truncated_both	L024_GCF_002568725.1_fosB.fna
L025_GCF_002580975.1_fosB_NZ_NUSO01000195.1_14544-14957	GCF_002580975.1	Bacillus toyonensis	fosB	NZ_NUSO01000195.1	23415	14544	14957	-	10000	14543	8458	10000	8458	4544	23415	18872	truncated_right	L025_GCF_002580975.1_fosB.fna
L026_GCF_036962425.1_fosB_NZ_JBALNA010000118.1_7325-7735	GCF_036962425.1	Bacillus toyonensis	fosB	NZ_JBALNA010000118.1	13401	7325	7735	-	10000	7324	5666	7324	5666	1	13401	13401	truncated_both	L026_GCF_036962425.1_fosB.fna
L027_GCF_004294525.1_aadK_NZ_SHOC01000057.1_2-565	GCF_004294525.1	Bacillus velezensis	aadK	NZ_SHOC01000057.1	832	2	565	-	10000	1	267	1	267	1	832	832	truncated_both	L027_GCF_004294525.1_aadK.fna
L028_GCF_013348705.1_ant(9)-Ia_NZ_CP054714.1_1026117-1026896	GCF_013348705.1	Bacillus velezensis	ant(9)-Ia	NZ_CP054714.1	3922134	1026117	1026896	+	10000	1026116	2895238	10000	10000	1016117	1036896	20780	complete	L028_GCF_013348705.1_ant9-Ia.fna
L029_GCF_013348705.1_aph(3')-IIIa_NZ_CP054714.1_1454776-1455567	GCF_013348705.1	Bacillus velezensis	aph(3')-IIIa	NZ_CP054714.1	3922134	1454776	1455567	-	10000	1454775	2466567	10000	10000	1444776	1465567	20792	complete	L029_GCF_013348705.1_aph3-IIIa.fna
L030_GCF_022370935.1_aph(3')-IIIa_NZ_CP092412.1_735094-735885	GCF_022370935.1	Bacillus velezensis	aph(3')-IIIa	NZ_CP092412.1	3923952	735094	735885	+	10000	735093	3188067	10000	10000	725094	745885	20792	complete	L030_GCF_022370935.1_aph3-IIIa.fna
L031_GCF_022370935.1_aph(3')-IIIa_NZ_CP092412.1_3656878-3657669	GCF_022370935.1	Bacillus velezensis	aph(3')-IIIa	NZ_CP092412.1	3923952	3656878	3657669	+	10000	3656877	266283	10000	10000	3646878	3667669	20792	complete	L031_GCF_022370935.1_aph3-IIIa.fna
L032_GCF_003854915.1_emrC_NZ_CP033967.1_663958-664317	GCF_003854915.1	Bacillus velezensis	emrC	NZ_CP033967.1	4141063	663958	664317	+	10000	663957	3476746	10000	10000	653958	674317	20360	complete	L032_GCF_003854915.1_emrC.fna
L033_GCF_045924925.1_emrC_NZ_CP166492.1_2184764-2185123	GCF_045924925.1	Bacillus velezensis	emrC	NZ_CP166492.1	3974852	2184764	2185123	+	10000	2184763	1789729	10000	10000	2174764	2195123	20360	complete	L033_GCF_045924925.1_emrC.fna
L034_GCF_050445565.1_emrC_NZ_JBBULW010000002.1_35059-35418	GCF_050445565.1	Bacillus velezensis	emrC	NZ_JBBULW010000002.1	1088741	35059	35418	+	10000	35058	1053323	10000	10000	25059	45418	20360	complete	L034_GCF_050445565.1_emrC.fna
L035_GCF_059147205.1_emrC_NZ_CM181145.1_1650434-1650793	GCF_059147205.1	Bacillus velezensis	emrC	NZ_CM181145.1	4216747	1650434	1650793	-	10000	1650433	2565954	10000	10000	1640434	1660793	20360	complete	L035_GCF_059147205.1_emrC.fna
L036_GCF_977015535.1_emrC_NZ_CDRNOD010000001.1_2202911-2203270	GCF_977015535.1	Bacillus velezensis	emrC	NZ_CDRNOD010000001.1	4074818	2202911	2203270	+	10000	2202910	1871548	10000	10000	2192911	2213270	20360	complete	L036_GCF_977015535.1_emrC.fna
L037_GCF_031324265.1_erm(B)_NZ_JAVIVO010000001.1_2341342-2342076	GCF_031324265.1	Bacillus velezensis	erm(B)	NZ_JAVIVO010000001.1	2438332	2341342	2342076	+	10000	2341341	96256	10000	10000	2331342	2352076	20735	complete	L037_GCF_031324265.1_ermB.fna
L038_GCF_002555155.1_mleBCB_NZ_NUDB01000017.1_16687-17538	GCF_002555155.1	Bacillus wiedmannii	mleBCB	NZ_NUDB01000017.1	181605	16687	17538	+	10000	16686	164067	10000	10000	6687	27538	20852	complete	L038_GCF_002555155.1_mleBCB.fna
L039_GCF_002555305.1_mleBCB_NZ_NUDK01000002.1_180378-181229	GCF_002555305.1	Bacillus wiedmannii	mleBCB	NZ_NUDK01000002.1	340909	180378	181229	-	10000	180377	159680	10000	10000	170378	191229	20852	complete	L039_GCF_002555305.1_mleBCB.fna
L040_GCF_002555385.1_mphM_NZ_NUDL01000019.1_6311-7207	GCF_002555385.1	Bacillus wiedmannii	mphM	NZ_NUDL01000019.1	23424	6311	7207	-	10000	6310	16217	6310	10000	1	17207	17207	truncated_left	L040_GCF_002555385.1_mphM.fna
L041_GCF_036963245.1_mphM_NZ_JBALMF010000073.1_406-1302	GCF_036963245.1	Bacillus wiedmannii	mphM	NZ_JBALMF010000073.1	23085	406	1302	-	10000	405	21783	405	10000	1	11302	11302	truncated_left	L041_GCF_036963245.1_mphM.fna
