Species_normalized	Taxonomic_resolution	Genome_count
Bacillus velezensis	species	288
Bacillus sp.	genus	153
Bacillus thuringiensis	species	141
Bacillus cereus	species	116
Bacillus subtilis	species	103
Bacillus toyonensis	species	86
Bacillus safensis	species	50
Bacillus altitudinis	species	46
Bacillus wiedmannii	species	41
Bacillus halotolerans	species	38
Bacillus amyloliquefaciens	species	36
Bacillus pumilus	species	34
Bacillus pseudomycoides	species	32
Bacillus mycoides	species	20
Bacillus licheniformis	species	20
Bacillus paralicheniformis	species	19
Bacillus atrophaeus	species	12
Bacillus paranthracis	species	9
Bacillus spizizenii	species	7
Bacillus tropicus	species	7
Bacillus tequilensis	species	6
Bacillus stercoris	species	5
Bacillus siamensis	species	5
Bacillus anthracis	species	4
Bacillus nitratireducens	species	4
Bacillus inaquosorum	species	3
Bacillus cabrialesii	species	3
Bacillus albus	species	3
Bacillus arachidis	species	2
Bacillus pacificus	species	2
Bacillus paramycoides	species	2
Bacillus paramobilis	species	2
Bacillus haikouensis	species	1
Bacillus ayatagriensis	species	1
Bacillus glycinifermentans	species	1
Bacillus dicomae	species	1
Bacillus canaveralius	species	1
Bacillus pretiosus	species	1
Bacillus mexicanus	species	1
Bacillus mobilis	species	1
Bacillus mojavensis	species	1
Bacillus infantis	species	1
Bacillus sonorensis	species	1
Bacillus vallismortis	species	1
Bacillus xiamenensis	species	1
