Species	n	AMR determinants per genome, mean ± SD	AMR determinants per genome, median (IQR)	AMR determinant range	Mean within-species Jaccard distance	Median within-species Jaccard distance (IQR)
Bacillus thuringiensis	141	5.42 ± 1.53	5.00 (4.00–7.00)	3–9	0.328	0.333 (0.200–0.500)
Bacillus wiedmannii	41	5.05 ± 1.16	5.00 (4.00–6.00)	3–8	0.366	0.375 (0.237–0.500)
Bacillus cereus	116	4.98 ± 1.97	5.00 (4.00–6.25)	0–9	0.488	0.500 (0.333–0.625)
Bacillus subtilis	103	4.54 ± 0.68	5.00 (4.00–5.00)	3–6	0.143	0.200 (0.000–0.200)
Bacillus toyonensis	86	4.52 ± 1.04	4.00 (4.00–5.00)	3–8	0.188	0.200 (0.000–0.400)
Bacillus mycoides	20	2.75 ± 0.55	3.00 (2.00–3.00)	2–4	0.376	0.333 (0.000–0.600)
Bacillus paralicheniformis	19	2.05 ± 0.23	2.00 (2.00–2.00)	2–3	0.035	0.000 (0.000–0.000)
Bacillus atrophaeus	12	2.00 ± 0.00	2.00 (2.00–2.00)	2–2	0.000	0.000 (0.000–0.000)
Bacillus pumilus	34	1.91 ± 0.38	2.00 (2.00–2.00)	0–2	0.087	0.000 (0.000–0.000)
Bacillus amyloliquefaciens	36	1.81 ± 0.47	2.00 (2.00–2.00)	1–3	0.218	0.000 (0.000–0.500)
Bacillus velezensis	288	1.69 ± 0.52	2.00 (1.00–2.00)	0–3	0.297	0.500 (0.000–0.500)
Bacillus halotolerans	38	1.68 ± 0.74	2.00 (1.00–2.00)	1–4	0.364	0.500 (0.000–0.500)
Bacillus licheniformis	20	1.25 ± 0.44	1.00 (1.00–1.25)	1–2	0.197	0.000 (0.000–0.500)
Bacillus altitudinis	46	0.65 ± 0.48	1.00 (0.00–1.00)	0–1	0.464	0.000 (0.000–1.000)
Bacillus safensis	50	0.36 ± 0.53	0.00 (0.00–1.00)	0–2	0.488	0.000 (0.000–1.000)
Bacillus pseudomycoides	32	0.16 ± 0.37	0.00 (0.00–0.00)	0–1	0.280	0.000 (0.000–1.000)
