Species_normalized	n	mean	sd	median	Q1	Q3	min	max
Bacillus thuringiensis	141	5.418439716312057	1.526695911197934	5.0	4.0	7.0	3	9
Bacillus wiedmannii	41	5.048780487804878	1.1608449403816843	5.0	4.0	6.0	3	8
Bacillus cereus	116	4.982758620689655	1.9692539245841947	5.0	4.0	6.25	0	9
Bacillus subtilis	103	4.543689320388349	0.6827955659528172	5.0	4.0	5.0	3	6
Bacillus toyonensis	86	4.523255813953488	1.0372672715423248	4.0	4.0	5.0	3	8
Bacillus mycoides	20	2.75	0.5501196042201808	3.0	2.0	3.0	2	4
Bacillus paralicheniformis	19	2.0526315789473686	0.22941573387056183	2.0	2.0	2.0	2	3
Bacillus atrophaeus	12	2.0	0.0	2.0	2.0	2.0	2	2
Bacillus pumilus	34	1.911764705882353	0.3788057036804223	2.0	2.0	2.0	0	2
Bacillus amyloliquefaciens	36	1.8055555555555556	0.46717659215115687	2.0	2.0	2.0	1	3
Bacillus velezensis	288	1.6909722222222223	0.5196371280714126	2.0	1.0	2.0	0	3
Bacillus halotolerans	38	1.6842105263157894	0.739074042953264	2.0	1.0	2.0	1	4
Bacillus licheniformis	20	1.25	0.44426165831931924	1.0	1.0	1.25	1	2
Bacillus altitudinis	46	0.6521739130434783	0.48154341234307685	1.0	0.0	1.0	0	1
Bacillus safensis	50	0.36	0.5252793231671495	0.0	0.0	1.0	0	2
Bacillus pseudomycoides	32	0.15625	0.36890203262847354	0.0	0.0	0.0	0	1
