	Bacillus altitudinis	Bacillus amyloliquefaciens	Bacillus atrophaeus	Bacillus cereus	Bacillus halotolerans	Bacillus licheniformis	Bacillus mycoides	Bacillus paralicheniformis	Bacillus pseudomycoides	Bacillus pumilus	Bacillus safensis	Bacillus subtilis	Bacillus thuringiensis	Bacillus toyonensis	Bacillus velezensis	Bacillus wiedmannii
Bacillus altitudinis	1.0	0.0005730318601026115	0.004607266746430023	5.4757102376734e-36	0.0034971228289744664	0.24284579579581786	5.436820939368517e-07	0.00047780189368543726	0.41561048209150786	0.0001247096315041346	0.6216609351022276	1.506271356351965e-35	6.123367354070215e-45	8.311119297777565e-31	1.5129620493735994e-05	1.6411406176957763e-27
Bacillus amyloliquefaciens	0.0005730318601026115	1.0	0.6724525768606769	3.886369810829442e-13	0.6395020609926102	0.14903875098902847	0.0498071054038158	0.5535853974792171	5.959804007082048e-05	0.7054905714192706	5.584636873102252e-05	3.7847046780668636e-13	1.2043300827270504e-17	4.5813132453239664e-11	0.6771066988328832	2.0194434861910166e-11
Bacillus atrophaeus	0.004607266746430023	0.6724525768606769	1.0	6.934869629139332e-05	0.44488859016394544	0.12974942335070722	0.30116803246474977	0.9335574903090094	0.0008530796862771074	0.8713984110039321	0.0012443983027107114	5.8686423141655815e-05	2.485725536342803e-06	0.00025103853005108953	0.4604052727354406	3.851216024789948e-05
Bacillus cereus	5.4757102376734e-36	3.886369810829442e-13	6.934869629139332e-05	1.0	6.569973652778845e-16	5.937037797450379e-14	0.0010735568827630393	1.8731259028715743e-06	3.739388170555821e-33	4.9137847390688753e-11	6.271523728406292e-42	0.8750761927603622	0.1200509027881649	0.6395020609926102	3.024874014674076e-41	0.4604052727354406
Bacillus halotolerans	0.0034971228289744664	0.6395020609926102	0.44488859016394544	6.569973652778845e-16	1.0	0.3072925413308978	0.013899488264664417	0.3072925413308978	0.00040389818375602594	0.39269421447888425	0.00043285121020415453	6.696098713872898e-16	3.3147588960986265e-21	1.8787331022902915e-13	0.8246373141342018	1.843064873053976e-13
Bacillus licheniformis	0.24284579579581786	0.14903875098902847	0.12974942335070722	5.937037797450379e-14	0.3072925413308978	1.0	0.0016769713888987175	0.0662166513867286	0.0662166513867286	0.07353074462228676	0.10394441101116914	5.1911984662631623e-14	1.7653432561641073e-17	2.195923020018559e-12	0.15883995451932126	5.138756611690831e-13
Bacillus mycoides	5.436820939368517e-07	0.0498071054038158	0.30116803246474977	0.0010735568827630393	0.013899488264664417	0.0016769713888987175	1.0	0.2770851405017369	4.8217960860759595e-08	0.11560455910218626	3.2173997577812965e-08	0.0008688414616704662	2.8975613172565195e-05	0.0040441405823282775	0.0052397107452910215	0.0005730318601026115
Bacillus paralicheniformis	0.00047780189368543726	0.5535853974792171	0.9335574903090094	1.8731259028715743e-06	0.3072925413308978	0.0662166513867286	0.2770851405017369	1.0	5.959804007082048e-05	0.7757771479256186	6.978980019621943e-05	1.548417590448058e-06	1.1669238744525465e-08	1.3903003204610555e-05	0.3001160921856215	1.7517447952501435e-06
Bacillus pseudomycoides	0.41561048209150786	5.959804007082048e-05	0.0008530796862771074	3.739388170555821e-33	0.00040389818375602594	0.0662166513867286	4.8217960860759595e-08	5.959804007082048e-05	1.0	1.2999283458983425e-05	0.7068857139186451	6.488864095969819e-33	2.0179835267435566e-40	3.895473251580626e-29	1.548417590448058e-06	3.583732043184022e-27
Bacillus pumilus	0.0001247096315041346	0.7054905714192706	0.8713984110039321	4.9137847390688753e-11	0.39269421447888425	0.07353074462228676	0.11560455910218626	0.7757771479256186	1.2999283458983425e-05	1.0	1.0027916802331488e-05	4.533497762404428e-11	5.513687582503119e-15	3.0173251573607784e-09	0.36209508662624995	7.563789053755087e-10
Bacillus safensis	0.6216609351022276	5.584636873102252e-05	0.0012443983027107114	6.271523728406292e-42	0.00043285121020415453	0.10394441101116914	3.2173997577812965e-08	6.978980019621943e-05	0.7068857139186451	1.0027916802331488e-05	1.0	2.8074091207901964e-41	2.022836909860272e-52	6.60597147986933e-36	1.4406536006091702e-07	2.648039249090625e-31
Bacillus subtilis	1.506271356351965e-35	3.7847046780668636e-13	5.8686423141655815e-05	0.8750761927603622	6.696098713872898e-16	5.1911984662631623e-14	0.0008688414616704662	1.548417590448058e-06	6.488864095969819e-33	4.533497762404428e-11	2.8074091207901964e-41	1.0	0.1827711068488192	0.5535853974792171	3.9192324906207096e-39	0.5475374521153791
Bacillus thuringiensis	6.123367354070215e-45	1.2043300827270504e-17	2.485725536342803e-06	0.1200509027881649	3.3147588960986265e-21	1.7653432561641073e-17	2.8975613172565195e-05	1.1669238744525465e-08	2.0179835267435566e-40	5.513687582503119e-15	2.022836909860272e-52	0.1827711068488192	1.0	0.04927634093720775	1.2524855531179915e-60	0.7615767674108623
Bacillus toyonensis	8.311119297777565e-31	4.5813132453239664e-11	0.00025103853005108953	0.6395020609926102	1.8787331022902915e-13	2.195923020018559e-12	0.0040441405823282775	1.3903003204610555e-05	3.895473251580626e-29	3.0173251573607784e-09	6.60597147986933e-36	0.5535853974792171	0.04927634093720775	1.0	2.9535494470478913e-30	0.2861635117916217
Bacillus velezensis	1.5129620493735994e-05	0.6771066988328832	0.4604052727354406	3.024874014674076e-41	0.8246373141342018	0.15883995451932126	0.0052397107452910215	0.3001160921856215	1.548417590448058e-06	0.36209508662624995	1.4406536006091702e-07	3.9192324906207096e-39	1.2524855531179915e-60	2.9535494470478913e-30	1.0	1.9541546836857676e-22
Bacillus wiedmannii	1.6411406176957763e-27	2.0194434861910166e-11	3.851216024789948e-05	0.4604052727354406	1.843064873053976e-13	5.138756611690831e-13	0.0005730318601026115	1.7517447952501435e-06	3.583732043184022e-27	7.563789053755087e-10	2.648039249090625e-31	0.5475374521153791	0.7615767674108623	0.2861635117916217	1.9541546836857676e-22	1.0
