Species_normalized	Element_symbol	Presence	Species_genome_count	Prevalence_percent
Bacillus altitudinis	aadK	0	46	0.0
Bacillus altitudinis	abaF	0	46	0.0
Bacillus altitudinis	ant(9)-Ia	0	46	0.0
Bacillus altitudinis	aph(3')-IIIa	0	46	0.0
Bacillus altitudinis	aph(3')-IIa	0	46	0.0
Bacillus altitudinis	bla	0	46	0.0
Bacillus altitudinis	bla2	0	46	0.0
Bacillus altitudinis	blaBAT	0	46	0.0
Bacillus altitudinis	blaBPU	0	46	0.0
Bacillus altitudinis	blaBSU	0	46	0.0
Bacillus altitudinis	blaIII	0	46	0.0
Bacillus altitudinis	blaP	0	46	0.0
Bacillus altitudinis	blaTEM	0	46	0.0
Bacillus altitudinis	cat86	30	46	65.21739130434783
Bacillus altitudinis	catA1	0	46	0.0
Bacillus altitudinis	clbA	0	46	0.0
Bacillus altitudinis	emrC	0	46	0.0
Bacillus altitudinis	erm(B)	0	46	0.0
Bacillus altitudinis	erm(D)	0	46	0.0
Bacillus altitudinis	fosB	0	46	0.0
Bacillus altitudinis	fosBx1	0	46	0.0
Bacillus altitudinis	mleBCA	0	46	0.0
Bacillus altitudinis	mleBCB	0	46	0.0
Bacillus altitudinis	mphK	0	46	0.0
Bacillus altitudinis	mphL	0	46	0.0
Bacillus altitudinis	mphM	0	46	0.0
Bacillus altitudinis	msr(D)	0	46	0.0
Bacillus altitudinis	satA	0	46	0.0
Bacillus altitudinis	tet(45)	0	46	0.0
Bacillus altitudinis	tet(L)	0	46	0.0
Bacillus altitudinis	vanR-A	0	46	0.0
Bacillus altitudinis	vanS-Pt	0	46	0.0
Bacillus altitudinis	vmlR	0	46	0.0
Bacillus amyloliquefaciens	aadK	0	36	0.0
Bacillus amyloliquefaciens	abaF	0	36	0.0
Bacillus amyloliquefaciens	ant(9)-Ia	0	36	0.0
Bacillus amyloliquefaciens	aph(3')-IIIa	0	36	0.0
Bacillus amyloliquefaciens	aph(3')-IIa	0	36	0.0
Bacillus amyloliquefaciens	bla	0	36	0.0
Bacillus amyloliquefaciens	bla2	0	36	0.0
Bacillus amyloliquefaciens	blaBAT	0	36	0.0
Bacillus amyloliquefaciens	blaBPU	0	36	0.0
Bacillus amyloliquefaciens	blaBSU	0	36	0.0
Bacillus amyloliquefaciens	blaIII	0	36	0.0
Bacillus amyloliquefaciens	blaP	0	36	0.0
Bacillus amyloliquefaciens	blaTEM	0	36	0.0
Bacillus amyloliquefaciens	cat86	0	36	0.0
Bacillus amyloliquefaciens	catA1	0	36	0.0
Bacillus amyloliquefaciens	clbA	33	36	91.66666666666666
Bacillus amyloliquefaciens	emrC	1	36	2.7777777777777777
Bacillus amyloliquefaciens	erm(B)	0	36	0.0
Bacillus amyloliquefaciens	erm(D)	0	36	0.0
Bacillus amyloliquefaciens	fosB	0	36	0.0
Bacillus amyloliquefaciens	fosBx1	0	36	0.0
Bacillus amyloliquefaciens	mleBCA	0	36	0.0
Bacillus amyloliquefaciens	mleBCB	0	36	0.0
Bacillus amyloliquefaciens	mphK	0	36	0.0
Bacillus amyloliquefaciens	mphL	0	36	0.0
Bacillus amyloliquefaciens	mphM	0	36	0.0
Bacillus amyloliquefaciens	msr(D)	0	36	0.0
Bacillus amyloliquefaciens	satA	31	36	86.11111111111111
Bacillus amyloliquefaciens	tet(45)	0	36	0.0
Bacillus amyloliquefaciens	tet(L)	0	36	0.0
Bacillus amyloliquefaciens	vanR-A	0	36	0.0
Bacillus amyloliquefaciens	vanS-Pt	0	36	0.0
Bacillus amyloliquefaciens	vmlR	0	36	0.0
Bacillus atrophaeus	aadK	0	12	0.0
Bacillus atrophaeus	abaF	0	12	0.0
Bacillus atrophaeus	ant(9)-Ia	0	12	0.0
Bacillus atrophaeus	aph(3')-IIIa	0	12	0.0
Bacillus atrophaeus	aph(3')-IIa	0	12	0.0
Bacillus atrophaeus	bla	0	12	0.0
Bacillus atrophaeus	bla2	0	12	0.0
Bacillus atrophaeus	blaBAT	12	12	100.0
Bacillus atrophaeus	blaBPU	0	12	0.0
Bacillus atrophaeus	blaBSU	0	12	0.0
Bacillus atrophaeus	blaIII	0	12	0.0
Bacillus atrophaeus	blaP	0	12	0.0
Bacillus atrophaeus	blaTEM	0	12	0.0
Bacillus atrophaeus	cat86	0	12	0.0
Bacillus atrophaeus	catA1	0	12	0.0
Bacillus atrophaeus	clbA	0	12	0.0
Bacillus atrophaeus	emrC	0	12	0.0
Bacillus atrophaeus	erm(B)	0	12	0.0
Bacillus atrophaeus	erm(D)	0	12	0.0
Bacillus atrophaeus	fosB	0	12	0.0
Bacillus atrophaeus	fosBx1	0	12	0.0
Bacillus atrophaeus	mleBCA	0	12	0.0
Bacillus atrophaeus	mleBCB	0	12	0.0
Bacillus atrophaeus	mphK	0	12	0.0
Bacillus atrophaeus	mphL	0	12	0.0
Bacillus atrophaeus	mphM	0	12	0.0
Bacillus atrophaeus	msr(D)	0	12	0.0
Bacillus atrophaeus	satA	12	12	100.0
Bacillus atrophaeus	tet(45)	0	12	0.0
Bacillus atrophaeus	tet(L)	0	12	0.0
Bacillus atrophaeus	vanR-A	0	12	0.0
Bacillus atrophaeus	vanS-Pt	0	12	0.0
Bacillus atrophaeus	vmlR	0	12	0.0
Bacillus cereus	aadK	0	116	0.0
Bacillus cereus	abaF	4	116	3.4482758620689653
Bacillus cereus	ant(9)-Ia	0	116	0.0
Bacillus cereus	aph(3')-IIIa	0	116	0.0
Bacillus cereus	aph(3')-IIa	0	116	0.0
Bacillus cereus	bla	108	116	93.10344827586206
Bacillus cereus	bla2	104	116	89.65517241379311
Bacillus cereus	blaBAT	0	116	0.0
Bacillus cereus	blaBPU	0	116	0.0
Bacillus cereus	blaBSU	0	116	0.0
Bacillus cereus	blaIII	19	116	16.379310344827587
Bacillus cereus	blaP	0	116	0.0
Bacillus cereus	blaTEM	0	116	0.0
Bacillus cereus	cat86	0	116	0.0
Bacillus cereus	catA1	0	116	0.0
Bacillus cereus	clbA	0	116	0.0
Bacillus cereus	emrC	0	116	0.0
Bacillus cereus	erm(B)	0	116	0.0
Bacillus cereus	erm(D)	0	116	0.0
Bacillus cereus	fosB	94	116	81.03448275862068
Bacillus cereus	fosBx1	1	116	0.8620689655172413
Bacillus cereus	mleBCA	15	116	12.93103448275862
Bacillus cereus	mleBCB	38	116	32.758620689655174
Bacillus cereus	mphK	0	116	0.0
Bacillus cereus	mphL	0	116	0.0
Bacillus cereus	mphM	0	116	0.0
Bacillus cereus	msr(D)	0	116	0.0
Bacillus cereus	satA	86	116	74.13793103448276
Bacillus cereus	tet(45)	32	116	27.58620689655172
Bacillus cereus	tet(L)	0	116	0.0
Bacillus cereus	vanR-A	45	116	38.793103448275865
Bacillus cereus	vanS-Pt	32	116	27.58620689655172
Bacillus cereus	vmlR	0	116	0.0
Bacillus halotolerans	aadK	0	38	0.0
Bacillus halotolerans	abaF	0	38	0.0
Bacillus halotolerans	ant(9)-Ia	0	38	0.0
Bacillus halotolerans	aph(3')-IIIa	0	38	0.0
Bacillus halotolerans	aph(3')-IIa	0	38	0.0
Bacillus halotolerans	bla	0	38	0.0
Bacillus halotolerans	bla2	0	38	0.0
Bacillus halotolerans	blaBAT	0	38	0.0
Bacillus halotolerans	blaBPU	0	38	0.0
Bacillus halotolerans	blaBSU	7	38	18.421052631578945
Bacillus halotolerans	blaIII	0	38	0.0
Bacillus halotolerans	blaP	0	38	0.0
Bacillus halotolerans	blaTEM	1	38	2.631578947368421
Bacillus halotolerans	cat86	0	38	0.0
Bacillus halotolerans	catA1	0	38	0.0
Bacillus halotolerans	clbA	0	38	0.0
Bacillus halotolerans	emrC	1	38	2.631578947368421
Bacillus halotolerans	erm(B)	0	38	0.0
Bacillus halotolerans	erm(D)	0	38	0.0
Bacillus halotolerans	fosB	0	38	0.0
Bacillus halotolerans	fosBx1	0	38	0.0
Bacillus halotolerans	mleBCA	0	38	0.0
Bacillus halotolerans	mleBCB	0	38	0.0
Bacillus halotolerans	mphK	38	38	100.0
Bacillus halotolerans	mphL	0	38	0.0
Bacillus halotolerans	mphM	0	38	0.0
Bacillus halotolerans	msr(D)	0	38	0.0
Bacillus halotolerans	satA	17	38	44.73684210526316
Bacillus halotolerans	tet(45)	0	38	0.0
Bacillus halotolerans	tet(L)	0	38	0.0
Bacillus halotolerans	vanR-A	0	38	0.0
Bacillus halotolerans	vanS-Pt	0	38	0.0
Bacillus halotolerans	vmlR	0	38	0.0
Bacillus licheniformis	aadK	0	20	0.0
Bacillus licheniformis	abaF	0	20	0.0
Bacillus licheniformis	ant(9)-Ia	0	20	0.0
Bacillus licheniformis	aph(3')-IIIa	0	20	0.0
Bacillus licheniformis	aph(3')-IIa	0	20	0.0
Bacillus licheniformis	bla	0	20	0.0
Bacillus licheniformis	bla2	0	20	0.0
Bacillus licheniformis	blaBAT	0	20	0.0
Bacillus licheniformis	blaBPU	0	20	0.0
Bacillus licheniformis	blaBSU	0	20	0.0
Bacillus licheniformis	blaIII	0	20	0.0
Bacillus licheniformis	blaP	20	20	100.0
Bacillus licheniformis	blaTEM	0	20	0.0
Bacillus licheniformis	cat86	0	20	0.0
Bacillus licheniformis	catA1	0	20	0.0
Bacillus licheniformis	clbA	0	20	0.0
Bacillus licheniformis	emrC	0	20	0.0
Bacillus licheniformis	erm(B)	0	20	0.0
Bacillus licheniformis	erm(D)	5	20	25.0
Bacillus licheniformis	fosB	0	20	0.0
Bacillus licheniformis	fosBx1	0	20	0.0
Bacillus licheniformis	mleBCA	0	20	0.0
Bacillus licheniformis	mleBCB	0	20	0.0
Bacillus licheniformis	mphK	0	20	0.0
Bacillus licheniformis	mphL	0	20	0.0
Bacillus licheniformis	mphM	0	20	0.0
Bacillus licheniformis	msr(D)	0	20	0.0
Bacillus licheniformis	satA	0	20	0.0
Bacillus licheniformis	tet(45)	0	20	0.0
Bacillus licheniformis	tet(L)	0	20	0.0
Bacillus licheniformis	vanR-A	0	20	0.0
Bacillus licheniformis	vanS-Pt	0	20	0.0
Bacillus licheniformis	vmlR	0	20	0.0
Bacillus mycoides	aadK	0	20	0.0
Bacillus mycoides	abaF	10	20	50.0
Bacillus mycoides	ant(9)-Ia	0	20	0.0
Bacillus mycoides	aph(3')-IIIa	0	20	0.0
Bacillus mycoides	aph(3')-IIa	0	20	0.0
Bacillus mycoides	bla	17	20	85.0
Bacillus mycoides	bla2	20	20	100.0
Bacillus mycoides	blaBAT	0	20	0.0
Bacillus mycoides	blaBPU	0	20	0.0
Bacillus mycoides	blaBSU	0	20	0.0
Bacillus mycoides	blaIII	0	20	0.0
Bacillus mycoides	blaP	0	20	0.0
Bacillus mycoides	blaTEM	0	20	0.0
Bacillus mycoides	cat86	0	20	0.0
Bacillus mycoides	catA1	0	20	0.0
Bacillus mycoides	clbA	0	20	0.0
Bacillus mycoides	emrC	0	20	0.0
Bacillus mycoides	erm(B)	0	20	0.0
Bacillus mycoides	erm(D)	0	20	0.0
Bacillus mycoides	fosB	6	20	30.0
Bacillus mycoides	fosBx1	0	20	0.0
Bacillus mycoides	mleBCA	0	20	0.0
Bacillus mycoides	mleBCB	0	20	0.0
Bacillus mycoides	mphK	0	20	0.0
Bacillus mycoides	mphL	0	20	0.0
Bacillus mycoides	mphM	0	20	0.0
Bacillus mycoides	msr(D)	0	20	0.0
Bacillus mycoides	satA	2	20	10.0
Bacillus mycoides	tet(45)	0	20	0.0
Bacillus mycoides	tet(L)	0	20	0.0
Bacillus mycoides	vanR-A	0	20	0.0
Bacillus mycoides	vanS-Pt	0	20	0.0
Bacillus mycoides	vmlR	0	20	0.0
Bacillus paralicheniformis	aadK	0	19	0.0
Bacillus paralicheniformis	abaF	0	19	0.0
Bacillus paralicheniformis	ant(9)-Ia	0	19	0.0
Bacillus paralicheniformis	aph(3')-IIIa	0	19	0.0
Bacillus paralicheniformis	aph(3')-IIa	0	19	0.0
Bacillus paralicheniformis	bla	0	19	0.0
Bacillus paralicheniformis	bla2	0	19	0.0
Bacillus paralicheniformis	blaBAT	0	19	0.0
Bacillus paralicheniformis	blaBPU	0	19	0.0
Bacillus paralicheniformis	blaBSU	0	19	0.0
Bacillus paralicheniformis	blaIII	0	19	0.0
Bacillus paralicheniformis	blaP	19	19	100.0
Bacillus paralicheniformis	blaTEM	0	19	0.0
Bacillus paralicheniformis	cat86	0	19	0.0
Bacillus paralicheniformis	catA1	1	19	5.263157894736842
Bacillus paralicheniformis	clbA	0	19	0.0
Bacillus paralicheniformis	emrC	0	19	0.0
Bacillus paralicheniformis	erm(B)	0	19	0.0
Bacillus paralicheniformis	erm(D)	19	19	100.0
Bacillus paralicheniformis	fosB	0	19	0.0
Bacillus paralicheniformis	fosBx1	0	19	0.0
Bacillus paralicheniformis	mleBCA	0	19	0.0
Bacillus paralicheniformis	mleBCB	0	19	0.0
Bacillus paralicheniformis	mphK	0	19	0.0
Bacillus paralicheniformis	mphL	0	19	0.0
Bacillus paralicheniformis	mphM	0	19	0.0
Bacillus paralicheniformis	msr(D)	0	19	0.0
Bacillus paralicheniformis	satA	0	19	0.0
Bacillus paralicheniformis	tet(45)	0	19	0.0
Bacillus paralicheniformis	tet(L)	0	19	0.0
Bacillus paralicheniformis	vanR-A	0	19	0.0
Bacillus paralicheniformis	vanS-Pt	0	19	0.0
Bacillus paralicheniformis	vmlR	0	19	0.0
Bacillus pseudomycoides	aadK	0	32	0.0
Bacillus pseudomycoides	abaF	0	32	0.0
Bacillus pseudomycoides	ant(9)-Ia	0	32	0.0
Bacillus pseudomycoides	aph(3')-IIIa	0	32	0.0
Bacillus pseudomycoides	aph(3')-IIa	0	32	0.0
Bacillus pseudomycoides	bla	0	32	0.0
Bacillus pseudomycoides	bla2	0	32	0.0
Bacillus pseudomycoides	blaBAT	0	32	0.0
Bacillus pseudomycoides	blaBPU	0	32	0.0
Bacillus pseudomycoides	blaBSU	0	32	0.0
Bacillus pseudomycoides	blaIII	0	32	0.0
Bacillus pseudomycoides	blaP	0	32	0.0
Bacillus pseudomycoides	blaTEM	0	32	0.0
Bacillus pseudomycoides	cat86	0	32	0.0
Bacillus pseudomycoides	catA1	0	32	0.0
Bacillus pseudomycoides	clbA	4	32	12.5
Bacillus pseudomycoides	emrC	0	32	0.0
Bacillus pseudomycoides	erm(B)	0	32	0.0
Bacillus pseudomycoides	erm(D)	0	32	0.0
Bacillus pseudomycoides	fosB	0	32	0.0
Bacillus pseudomycoides	fosBx1	0	32	0.0
Bacillus pseudomycoides	mleBCA	0	32	0.0
Bacillus pseudomycoides	mleBCB	1	32	3.125
Bacillus pseudomycoides	mphK	0	32	0.0
Bacillus pseudomycoides	mphL	0	32	0.0
Bacillus pseudomycoides	mphM	0	32	0.0
Bacillus pseudomycoides	msr(D)	0	32	0.0
Bacillus pseudomycoides	satA	0	32	0.0
Bacillus pseudomycoides	tet(45)	0	32	0.0
Bacillus pseudomycoides	tet(L)	0	32	0.0
Bacillus pseudomycoides	vanR-A	0	32	0.0
Bacillus pseudomycoides	vanS-Pt	0	32	0.0
Bacillus pseudomycoides	vmlR	0	32	0.0
Bacillus pumilus	aadK	0	34	0.0
Bacillus pumilus	abaF	0	34	0.0
Bacillus pumilus	ant(9)-Ia	0	34	0.0
Bacillus pumilus	aph(3')-IIIa	0	34	0.0
Bacillus pumilus	aph(3')-IIa	0	34	0.0
Bacillus pumilus	bla	0	34	0.0
Bacillus pumilus	bla2	0	34	0.0
Bacillus pumilus	blaBAT	0	34	0.0
Bacillus pumilus	blaBPU	33	34	97.05882352941175
Bacillus pumilus	blaBSU	0	34	0.0
Bacillus pumilus	blaIII	0	34	0.0
Bacillus pumilus	blaP	0	34	0.0
Bacillus pumilus	blaTEM	0	34	0.0
Bacillus pumilus	cat86	32	34	94.11764705882352
Bacillus pumilus	catA1	0	34	0.0
Bacillus pumilus	clbA	0	34	0.0
Bacillus pumilus	emrC	0	34	0.0
Bacillus pumilus	erm(B)	0	34	0.0
Bacillus pumilus	erm(D)	0	34	0.0
Bacillus pumilus	fosB	0	34	0.0
Bacillus pumilus	fosBx1	0	34	0.0
Bacillus pumilus	mleBCA	0	34	0.0
Bacillus pumilus	mleBCB	0	34	0.0
Bacillus pumilus	mphK	0	34	0.0
Bacillus pumilus	mphL	0	34	0.0
Bacillus pumilus	mphM	0	34	0.0
Bacillus pumilus	msr(D)	0	34	0.0
Bacillus pumilus	satA	0	34	0.0
Bacillus pumilus	tet(45)	0	34	0.0
Bacillus pumilus	tet(L)	0	34	0.0
Bacillus pumilus	vanR-A	0	34	0.0
Bacillus pumilus	vanS-Pt	0	34	0.0
Bacillus pumilus	vmlR	0	34	0.0
Bacillus safensis	aadK	0	50	0.0
Bacillus safensis	abaF	0	50	0.0
Bacillus safensis	ant(9)-Ia	0	50	0.0
Bacillus safensis	aph(3')-IIIa	0	50	0.0
Bacillus safensis	aph(3')-IIa	1	50	2.0
Bacillus safensis	bla	0	50	0.0
Bacillus safensis	bla2	0	50	0.0
Bacillus safensis	blaBAT	0	50	0.0
Bacillus safensis	blaBPU	0	50	0.0
Bacillus safensis	blaBSU	0	50	0.0
Bacillus safensis	blaIII	0	50	0.0
Bacillus safensis	blaP	0	50	0.0
Bacillus safensis	blaTEM	0	50	0.0
Bacillus safensis	cat86	15	50	30.0
Bacillus safensis	catA1	0	50	0.0
Bacillus safensis	clbA	0	50	0.0
Bacillus safensis	emrC	2	50	4.0
Bacillus safensis	erm(B)	0	50	0.0
Bacillus safensis	erm(D)	0	50	0.0
Bacillus safensis	fosB	0	50	0.0
Bacillus safensis	fosBx1	0	50	0.0
Bacillus safensis	mleBCA	0	50	0.0
Bacillus safensis	mleBCB	0	50	0.0
Bacillus safensis	mphK	0	50	0.0
Bacillus safensis	mphL	0	50	0.0
Bacillus safensis	mphM	0	50	0.0
Bacillus safensis	msr(D)	0	50	0.0
Bacillus safensis	satA	0	50	0.0
Bacillus safensis	tet(45)	0	50	0.0
Bacillus safensis	tet(L)	0	50	0.0
Bacillus safensis	vanR-A	0	50	0.0
Bacillus safensis	vanS-Pt	0	50	0.0
Bacillus safensis	vmlR	0	50	0.0
Bacillus subtilis	aadK	102	103	99.02912621359224
Bacillus subtilis	abaF	0	103	0.0
Bacillus subtilis	ant(9)-Ia	0	103	0.0
Bacillus subtilis	aph(3')-IIIa	0	103	0.0
Bacillus subtilis	aph(3')-IIa	0	103	0.0
Bacillus subtilis	bla	0	103	0.0
Bacillus subtilis	bla2	0	103	0.0
Bacillus subtilis	blaBAT	0	103	0.0
Bacillus subtilis	blaBPU	0	103	0.0
Bacillus subtilis	blaBSU	0	103	0.0
Bacillus subtilis	blaIII	0	103	0.0
Bacillus subtilis	blaP	0	103	0.0
Bacillus subtilis	blaTEM	1	103	0.9708737864077668
Bacillus subtilis	cat86	0	103	0.0
Bacillus subtilis	catA1	0	103	0.0
Bacillus subtilis	clbA	0	103	0.0
Bacillus subtilis	emrC	0	103	0.0
Bacillus subtilis	erm(B)	0	103	0.0
Bacillus subtilis	erm(D)	0	103	0.0
Bacillus subtilis	fosB	0	103	0.0
Bacillus subtilis	fosBx1	0	103	0.0
Bacillus subtilis	mleBCA	0	103	0.0
Bacillus subtilis	mleBCB	0	103	0.0
Bacillus subtilis	mphK	103	103	100.0
Bacillus subtilis	mphL	0	103	0.0
Bacillus subtilis	mphM	0	103	0.0
Bacillus subtilis	msr(D)	1	103	0.9708737864077668
Bacillus subtilis	satA	94	103	91.2621359223301
Bacillus subtilis	tet(45)	0	103	0.0
Bacillus subtilis	tet(L)	65	103	63.10679611650486
Bacillus subtilis	vanR-A	0	103	0.0
Bacillus subtilis	vanS-Pt	0	103	0.0
Bacillus subtilis	vmlR	102	103	99.02912621359224
Bacillus thuringiensis	aadK	0	141	0.0
Bacillus thuringiensis	abaF	0	141	0.0
Bacillus thuringiensis	ant(9)-Ia	0	141	0.0
Bacillus thuringiensis	aph(3')-IIIa	0	141	0.0
Bacillus thuringiensis	aph(3')-IIa	0	141	0.0
Bacillus thuringiensis	bla	140	141	99.29078014184395
Bacillus thuringiensis	bla2	141	141	100.0
Bacillus thuringiensis	blaBAT	0	141	0.0
Bacillus thuringiensis	blaBPU	0	141	0.0
Bacillus thuringiensis	blaBSU	0	141	0.0
Bacillus thuringiensis	blaIII	19	141	13.47517730496454
Bacillus thuringiensis	blaP	0	141	0.0
Bacillus thuringiensis	blaTEM	0	141	0.0
Bacillus thuringiensis	cat86	0	141	0.0
Bacillus thuringiensis	catA1	0	141	0.0
Bacillus thuringiensis	clbA	0	141	0.0
Bacillus thuringiensis	emrC	0	141	0.0
Bacillus thuringiensis	erm(B)	0	141	0.0
Bacillus thuringiensis	erm(D)	0	141	0.0
Bacillus thuringiensis	fosB	137	141	97.16312056737588
Bacillus thuringiensis	fosBx1	1	141	0.7092198581560284
Bacillus thuringiensis	mleBCA	10	141	7.092198581560284
Bacillus thuringiensis	mleBCB	59	141	41.84397163120568
Bacillus thuringiensis	mphK	0	141	0.0
Bacillus thuringiensis	mphL	0	141	0.0
Bacillus thuringiensis	mphM	7	141	4.964539007092199
Bacillus thuringiensis	msr(D)	0	141	0.0
Bacillus thuringiensis	satA	131	141	92.90780141843972
Bacillus thuringiensis	tet(45)	48	141	34.04255319148936
Bacillus thuringiensis	tet(L)	0	141	0.0
Bacillus thuringiensis	vanR-A	40	141	28.368794326241137
Bacillus thuringiensis	vanS-Pt	31	141	21.98581560283688
Bacillus thuringiensis	vmlR	0	141	0.0
Bacillus toyonensis	aadK	0	86	0.0
Bacillus toyonensis	abaF	0	86	0.0
Bacillus toyonensis	ant(9)-Ia	0	86	0.0
Bacillus toyonensis	aph(3')-IIIa	0	86	0.0
Bacillus toyonensis	aph(3')-IIa	0	86	0.0
Bacillus toyonensis	bla	86	86	100.0
Bacillus toyonensis	bla2	85	86	98.83720930232558
Bacillus toyonensis	blaBAT	0	86	0.0
Bacillus toyonensis	blaBPU	0	86	0.0
Bacillus toyonensis	blaBSU	0	86	0.0
Bacillus toyonensis	blaIII	1	86	1.162790697674419
Bacillus toyonensis	blaP	0	86	0.0
Bacillus toyonensis	blaTEM	0	86	0.0
Bacillus toyonensis	cat86	0	86	0.0
Bacillus toyonensis	catA1	0	86	0.0
Bacillus toyonensis	clbA	0	86	0.0
Bacillus toyonensis	emrC	0	86	0.0
Bacillus toyonensis	erm(B)	0	86	0.0
Bacillus toyonensis	erm(D)	0	86	0.0
Bacillus toyonensis	fosB	3	86	3.488372093023256
Bacillus toyonensis	fosBx1	0	86	0.0
Bacillus toyonensis	mleBCA	0	86	0.0
Bacillus toyonensis	mleBCB	7	86	8.13953488372093
Bacillus toyonensis	mphK	0	86	0.0
Bacillus toyonensis	mphL	81	86	94.18604651162792
Bacillus toyonensis	mphM	19	86	22.093023255813957
Bacillus toyonensis	msr(D)	0	86	0.0
Bacillus toyonensis	satA	85	86	98.83720930232558
Bacillus toyonensis	tet(45)	0	86	0.0
Bacillus toyonensis	tet(L)	0	86	0.0
Bacillus toyonensis	vanR-A	11	86	12.790697674418606
Bacillus toyonensis	vanS-Pt	11	86	12.790697674418606
Bacillus toyonensis	vmlR	0	86	0.0
Bacillus velezensis	aadK	1	288	0.3472222222222222
Bacillus velezensis	abaF	0	288	0.0
Bacillus velezensis	ant(9)-Ia	1	288	0.3472222222222222
Bacillus velezensis	aph(3')-IIIa	2	288	0.6944444444444444
Bacillus velezensis	aph(3')-IIa	0	288	0.0
Bacillus velezensis	bla	0	288	0.0
Bacillus velezensis	bla2	0	288	0.0
Bacillus velezensis	blaBAT	0	288	0.0
Bacillus velezensis	blaBPU	0	288	0.0
Bacillus velezensis	blaBSU	0	288	0.0
Bacillus velezensis	blaIII	0	288	0.0
Bacillus velezensis	blaP	0	288	0.0
Bacillus velezensis	blaTEM	0	288	0.0
Bacillus velezensis	cat86	0	288	0.0
Bacillus velezensis	catA1	0	288	0.0
Bacillus velezensis	clbA	221	288	76.73611111111111
Bacillus velezensis	emrC	5	288	1.7361111111111112
Bacillus velezensis	erm(B)	1	288	0.3472222222222222
Bacillus velezensis	erm(D)	0	288	0.0
Bacillus velezensis	fosB	0	288	0.0
Bacillus velezensis	fosBx1	0	288	0.0
Bacillus velezensis	mleBCA	0	288	0.0
Bacillus velezensis	mleBCB	0	288	0.0
Bacillus velezensis	mphK	0	288	0.0
Bacillus velezensis	mphL	0	288	0.0
Bacillus velezensis	mphM	0	288	0.0
Bacillus velezensis	msr(D)	0	288	0.0
Bacillus velezensis	satA	256	288	88.88888888888889
Bacillus velezensis	tet(45)	0	288	0.0
Bacillus velezensis	tet(L)	0	288	0.0
Bacillus velezensis	vanR-A	0	288	0.0
Bacillus velezensis	vanS-Pt	0	288	0.0
Bacillus velezensis	vmlR	0	288	0.0
Bacillus wiedmannii	aadK	0	41	0.0
Bacillus wiedmannii	abaF	0	41	0.0
Bacillus wiedmannii	ant(9)-Ia	0	41	0.0
Bacillus wiedmannii	aph(3')-IIIa	0	41	0.0
Bacillus wiedmannii	aph(3')-IIa	0	41	0.0
Bacillus wiedmannii	bla	39	41	95.1219512195122
Bacillus wiedmannii	bla2	37	41	90.2439024390244
Bacillus wiedmannii	blaBAT	0	41	0.0
Bacillus wiedmannii	blaBPU	0	41	0.0
Bacillus wiedmannii	blaBSU	0	41	0.0
Bacillus wiedmannii	blaIII	19	41	46.34146341463415
Bacillus wiedmannii	blaP	0	41	0.0
Bacillus wiedmannii	blaTEM	0	41	0.0
Bacillus wiedmannii	cat86	0	41	0.0
Bacillus wiedmannii	catA1	0	41	0.0
Bacillus wiedmannii	clbA	0	41	0.0
Bacillus wiedmannii	emrC	0	41	0.0
Bacillus wiedmannii	erm(B)	0	41	0.0
Bacillus wiedmannii	erm(D)	0	41	0.0
Bacillus wiedmannii	fosB	28	41	68.29268292682927
Bacillus wiedmannii	fosBx1	0	41	0.0
Bacillus wiedmannii	mleBCA	41	41	100.0
Bacillus wiedmannii	mleBCB	2	41	4.878048780487805
Bacillus wiedmannii	mphK	0	41	0.0
Bacillus wiedmannii	mphL	0	41	0.0
Bacillus wiedmannii	mphM	2	41	4.878048780487805
Bacillus wiedmannii	msr(D)	0	41	0.0
Bacillus wiedmannii	satA	26	41	63.41463414634146
Bacillus wiedmannii	tet(45)	0	41	0.0
Bacillus wiedmannii	tet(L)	0	41	0.0
Bacillus wiedmannii	vanR-A	7	41	17.073170731707318
Bacillus wiedmannii	vanS-Pt	6	41	14.634146341463412
Bacillus wiedmannii	vmlR	0	41	0.0
