Species_normalized	aadK	abaF	ant(9)-Ia	aph(3')-IIIa	aph(3')-IIa	bla	bla2	blaBAT	blaBPU	blaBSU	blaIII	blaP	blaTEM	cat86	catA1	clbA	emrC	erm(B)	erm(D)	fosB	fosBx1	mleBCA	mleBCB	mphK	mphL	mphM	msr(D)	satA	tet(45)	tet(L)	vanR-A	vanS-Pt	vmlR
Bacillus altitudinis	0.0	0.0	0.0	0.0	0.0	0.0	0.0	0.0	0.0	0.0	0.0	0.0	0.0	65.21739130434783	0.0	0.0	0.0	0.0	0.0	0.0	0.0	0.0	0.0	0.0	0.0	0.0	0.0	0.0	0.0	0.0	0.0	0.0	0.0
Bacillus amyloliquefaciens	0.0	0.0	0.0	0.0	0.0	0.0	0.0	0.0	0.0	0.0	0.0	0.0	0.0	0.0	0.0	91.66666666666666	2.7777777777777777	0.0	0.0	0.0	0.0	0.0	0.0	0.0	0.0	0.0	0.0	86.11111111111111	0.0	0.0	0.0	0.0	0.0
Bacillus atrophaeus	0.0	0.0	0.0	0.0	0.0	0.0	0.0	100.0	0.0	0.0	0.0	0.0	0.0	0.0	0.0	0.0	0.0	0.0	0.0	0.0	0.0	0.0	0.0	0.0	0.0	0.0	0.0	100.0	0.0	0.0	0.0	0.0	0.0
Bacillus cereus	0.0	3.4482758620689653	0.0	0.0	0.0	93.10344827586206	89.65517241379311	0.0	0.0	0.0	16.379310344827587	0.0	0.0	0.0	0.0	0.0	0.0	0.0	0.0	81.03448275862068	0.8620689655172413	12.93103448275862	32.758620689655174	0.0	0.0	0.0	0.0	74.13793103448276	27.58620689655172	0.0	38.793103448275865	27.58620689655172	0.0
Bacillus halotolerans	0.0	0.0	0.0	0.0	0.0	0.0	0.0	0.0	0.0	18.421052631578945	0.0	0.0	2.631578947368421	0.0	0.0	0.0	2.631578947368421	0.0	0.0	0.0	0.0	0.0	0.0	100.0	0.0	0.0	0.0	44.73684210526316	0.0	0.0	0.0	0.0	0.0
Bacillus licheniformis	0.0	0.0	0.0	0.0	0.0	0.0	0.0	0.0	0.0	0.0	0.0	100.0	0.0	0.0	0.0	0.0	0.0	0.0	25.0	0.0	0.0	0.0	0.0	0.0	0.0	0.0	0.0	0.0	0.0	0.0	0.0	0.0	0.0
Bacillus mycoides	0.0	50.0	0.0	0.0	0.0	85.0	100.0	0.0	0.0	0.0	0.0	0.0	0.0	0.0	0.0	0.0	0.0	0.0	0.0	30.0	0.0	0.0	0.0	0.0	0.0	0.0	0.0	10.0	0.0	0.0	0.0	0.0	0.0
Bacillus paralicheniformis	0.0	0.0	0.0	0.0	0.0	0.0	0.0	0.0	0.0	0.0	0.0	100.0	0.0	0.0	5.263157894736842	0.0	0.0	0.0	100.0	0.0	0.0	0.0	0.0	0.0	0.0	0.0	0.0	0.0	0.0	0.0	0.0	0.0	0.0
Bacillus pseudomycoides	0.0	0.0	0.0	0.0	0.0	0.0	0.0	0.0	0.0	0.0	0.0	0.0	0.0	0.0	0.0	12.5	0.0	0.0	0.0	0.0	0.0	0.0	3.125	0.0	0.0	0.0	0.0	0.0	0.0	0.0	0.0	0.0	0.0
Bacillus pumilus	0.0	0.0	0.0	0.0	0.0	0.0	0.0	0.0	97.05882352941175	0.0	0.0	0.0	0.0	94.11764705882352	0.0	0.0	0.0	0.0	0.0	0.0	0.0	0.0	0.0	0.0	0.0	0.0	0.0	0.0	0.0	0.0	0.0	0.0	0.0
Bacillus safensis	0.0	0.0	0.0	0.0	2.0	0.0	0.0	0.0	0.0	0.0	0.0	0.0	0.0	30.0	0.0	0.0	4.0	0.0	0.0	0.0	0.0	0.0	0.0	0.0	0.0	0.0	0.0	0.0	0.0	0.0	0.0	0.0	0.0
Bacillus subtilis	99.02912621359224	0.0	0.0	0.0	0.0	0.0	0.0	0.0	0.0	0.0	0.0	0.0	0.9708737864077668	0.0	0.0	0.0	0.0	0.0	0.0	0.0	0.0	0.0	0.0	100.0	0.0	0.0	0.9708737864077668	91.2621359223301	0.0	63.10679611650486	0.0	0.0	99.02912621359224
Bacillus thuringiensis	0.0	0.0	0.0	0.0	0.0	99.29078014184395	100.0	0.0	0.0	0.0	13.47517730496454	0.0	0.0	0.0	0.0	0.0	0.0	0.0	0.0	97.16312056737588	0.7092198581560284	7.092198581560284	41.84397163120568	0.0	0.0	4.964539007092199	0.0	92.90780141843972	34.04255319148936	0.0	28.368794326241137	21.98581560283688	0.0
Bacillus toyonensis	0.0	0.0	0.0	0.0	0.0	100.0	98.83720930232558	0.0	0.0	0.0	1.162790697674419	0.0	0.0	0.0	0.0	0.0	0.0	0.0	0.0	3.488372093023256	0.0	0.0	8.13953488372093	0.0	94.18604651162792	22.093023255813957	0.0	98.83720930232558	0.0	0.0	12.790697674418606	12.790697674418606	0.0
Bacillus velezensis	0.3472222222222222	0.0	0.3472222222222222	0.6944444444444444	0.0	0.0	0.0	0.0	0.0	0.0	0.0	0.0	0.0	0.0	0.0	76.73611111111111	1.7361111111111112	0.3472222222222222	0.0	0.0	0.0	0.0	0.0	0.0	0.0	0.0	0.0	88.88888888888889	0.0	0.0	0.0	0.0	0.0
Bacillus wiedmannii	0.0	0.0	0.0	0.0	0.0	95.1219512195122	90.2439024390244	0.0	0.0	0.0	46.34146341463415	0.0	0.0	0.0	0.0	0.0	0.0	0.0	0.0	68.29268292682927	0.0	100.0	4.878048780487805	0.0	0.0	4.878048780487805	0.0	63.41463414634146	0.0	0.0	17.073170731707318	14.634146341463412	0.0
