species	determinant	species_n_global	carrier_n_global	prevalence_pct_global	species_n_tree	positive_n_tree	negative_n_tree	carriers_analyzed	min_distance_to_negative	median_distance_to_negative	max_distance_to_negative
Bacillus amyloliquefaciens	emrC	36	1	2.7777777777777777	4	1	3	1	0.0030978489999999997	0.0030978489999999997	0.0030978489999999997
Bacillus cereus	abaF	116	4	3.4482758620689653	8	4	4	4	0.051015400700000005	0.0909714216	0.09134808089999999
Bacillus cereus	fosBx1	116	1	0.8620689655172413	8	1	7	1	0.0015101628	0.0015101628	0.0015101628
Bacillus halotolerans	blaTEM	38	1	2.631578947368421	5	1	4	1	2.3932e-06	2.3932e-06	2.3932e-06
Bacillus halotolerans	emrC	38	1	2.631578947368421	5	1	4	1	0.0028559852	0.0028559852	0.0028559852
Bacillus pseudomycoides	mleBCB	32	1	3.125	4	1	3	1	0.0026830902	0.0026830902	0.0026830902
Bacillus safensis	aph(3')-IIa	50	1	2.0	6	1	5	1	0.0084794443	0.0084794443	0.0084794443
Bacillus safensis	emrC	50	2	4.0	6	2	4	2	0.004622482799999999	0.0047976070499999995	0.0049727313
Bacillus subtilis	blaTEM	103	1	0.970873786407767	5	1	4	1	0.0034515806000000003	0.0034515806000000003	0.0034515806000000003
Bacillus subtilis	msr(D)	103	1	0.970873786407767	5	1	4	1	0.0002446643	0.0002446643	0.0002446643
Bacillus thuringiensis	fosBx1	141	1	0.7092198581560284	11	1	10	1	0.0024748475	0.0024748475	0.0024748475
Bacillus thuringiensis	mphM	141	7	4.964539007092198	11	7	4	7	0.0113775131	0.011863876500000002	0.0297373599
Bacillus toyonensis	blaIII	86	1	1.162790697674419	7	1	6	1	0.0006213477	0.0006213477	0.0006213477
Bacillus toyonensis	fosB	86	3	3.488372093023256	7	3	4	3	0.0006236618	0.0008157707	0.0019355824
Bacillus velezensis	aadK	288	1	0.3472222222222222	12	1	11	1	0.0021292933	0.0021292933	0.0021292933
Bacillus velezensis	ant(9)-Ia	288	1	0.3472222222222222	12	1	11	1	2.3932e-06	2.3932e-06	2.3932e-06
Bacillus velezensis	aph(3')-IIIa	288	2	0.6944444444444444	12	2	10	2	0.00010007129999999999	0.00010007129999999999	0.00010007129999999999
Bacillus velezensis	emrC	288	5	1.7361111111111112	12	5	7	5	0.0021078123	0.0026643407999999997	0.0035702965
Bacillus velezensis	erm(B)	288	1	0.3472222222222222	12	1	11	1	0.0021292933	0.0021292933	0.0021292933
Bacillus wiedmannii	mleBCB	41	2	4.878048780487805	7	2	5	2	0.0027654533	0.0028132091999999997	0.0028609651
Bacillus wiedmannii	mphM	41	2	4.878048780487805	7	2	5	2	0.00029205409999999996	0.0026146333500000002	0.0049372126
