accession	species	determinant	species_n_global	carrier_n_global	prevalence_pct_global	species_n_tree	positive_n_tree	negative_n_tree	nearest_negative	distance_to_nearest_negative	nearest_positive	distance_to_nearest_positive
GCF_001617995.1	Bacillus amyloliquefaciens	emrC	36	1	2.7777777777777777	4	1	3	GCF_017824715.1	0.0030978489999999997		
GCF_002566845.1	Bacillus cereus	abaF	116	4	3.4482758620689653	8	4	4	GCF_002214765.1	0.09134808089999999	GCF_002583515.1	0.0004707913
GCF_002567785.1	Bacillus cereus	abaF	116	4	3.4482758620689653	8	4	4	GCF_002214765.1	0.0906850616	GCF_002583515.1	0.0013211310000000001
GCF_002583515.1	Bacillus cereus	abaF	116	4	3.4482758620689653	8	4	4	GCF_002214765.1	0.0912577816	GCF_002566845.1	0.0004707913
GCF_024495135.1	Bacillus cereus	abaF	116	4	3.4482758620689653	8	4	4	GCF_002214765.1	0.051015400700000005	GCF_002567785.1	0.0903399599
GCF_036621235.1	Bacillus cereus	fosBx1	116	1	0.8620689655172413	8	1	7	GCF_001579695.1	0.0015101628		
GCF_002993735.1	Bacillus halotolerans	emrC	38	1	2.631578947368421	5	1	4	GCF_002993745.1	0.0028559852		
GCF_002993765.1	Bacillus halotolerans	blaTEM	38	1	2.631578947368421	5	1	4	GCF_002993745.1	2.3932e-06		
GCF_060371875.1	Bacillus pseudomycoides	mleBCB	32	1	3.125	4	1	3	GCF_002550685.1	0.0026830902		
GCF_036966405.1	Bacillus safensis	aph(3')-IIa	50	1	2.0	6	1	5	GCF_002998315.1	0.0084794443		
GCF_040492755.1	Bacillus safensis	emrC	50	2	4.0	6	2	4	GCF_008244765.1	0.0049727313	GCF_040492895.1	0.0017633949
GCF_040492895.1	Bacillus safensis	emrC	50	2	4.0	6	2	4	GCF_008244765.1	0.004622482799999999	GCF_040492755.1	0.0017633949
GCF_040151275.1	Bacillus subtilis	blaTEM	103	1	0.970873786407767	5	1	4	GCF_000706705.1	0.0034515806000000003		
GCF_053895045.1	Bacillus subtilis	msr(D)	103	1	0.970873786407767	5	1	4	GCF_000706705.1	0.0002446643		
GCF_002558235.1	Bacillus thuringiensis	mphM	141	7	4.964539007092198	11	7	4	GCF_036621355.1	0.0113775131	GCF_002575305.1	0.0072117299
GCF_002575305.1	Bacillus thuringiensis	mphM	141	7	4.964539007092198	11	7	4	GCF_036621355.1	0.0115834156	GCF_002575365.1	4.97014e-05
GCF_002575365.1	Bacillus thuringiensis	mphM	141	7	4.964539007092198	11	7	4	GCF_036621355.1	0.011630723800000001	GCF_002575305.1	4.97014e-05
GCF_002575895.1	Bacillus thuringiensis	mphM	141	7	4.964539007092198	11	7	4	GCF_036621355.1	0.011863876500000002	GCF_002575305.1	0.0012891585
GCF_036621275.1	Bacillus thuringiensis	mphM	141	7	4.964539007092198	11	7	4	GCF_036621355.1	0.0271743611	GCF_036621315.1	2.3932e-06
GCF_036621295.1	Bacillus thuringiensis	mphM	141	7	4.964539007092198	11	7	4	GCF_036621355.1	0.0297373599	GCF_036621275.1	0.0068781879999999995
GCF_036621315.1	Bacillus thuringiensis	mphM	141	7	4.964539007092198	11	7	4	GCF_036621355.1	0.0271743611	GCF_036621275.1	2.3932e-06
GCF_036621355.1	Bacillus thuringiensis	fosBx1	141	1	0.7092198581560284	11	1	10	GCF_001757695.1	0.0024748475		
GCF_002552785.1	Bacillus toyonensis	blaIII	86	1	1.162790697674419	7	1	6	GCF_001275045.2	0.0006213477		
GCF_002568725.1	Bacillus toyonensis	fosB	86	3	3.488372093023256	7	3	4	GCF_001275045.2	0.0008157707	GCF_036962425.1	0.0010674127
GCF_002580975.1	Bacillus toyonensis	fosB	86	3	3.488372093023256	7	3	4	GCF_001275045.2	0.0019355824	GCF_002568725.1	0.0018240754999999998
GCF_036962425.1	Bacillus toyonensis	fosB	86	3	3.488372093023256	7	3	4	GCF_002550525.1	0.0006236618	GCF_002568725.1	0.0010674127
GCF_003854915.1	Bacillus velezensis	emrC	288	5	1.7361111111111112	12	5	7	GCF_006351625.1	0.0021078123	GCF_045924925.1	0.0016273367
GCF_004294525.1	Bacillus velezensis	aadK	288	1	0.3472222222222222	12	1	11	GCF_031324265.1	0.0021292933		
GCF_013348705.1	Bacillus velezensis	ant(9)-Ia	288	1	0.3472222222222222	12	1	11	GCF_022370935.1	2.3932e-06		
GCF_013348705.1	Bacillus velezensis	aph(3')-IIIa	288	2	0.6944444444444444	12	2	10	GCF_006351625.1	0.00010007129999999999	GCF_022370935.1	2.3932e-06
GCF_022370935.1	Bacillus velezensis	aph(3')-IIIa	288	2	0.6944444444444444	12	2	10	GCF_006351625.1	0.00010007129999999999	GCF_013348705.1	2.3932e-06
GCF_031324265.1	Bacillus velezensis	erm(B)	288	1	0.3472222222222222	12	1	11	GCF_004294525.1	0.0021292933		
GCF_045924925.1	Bacillus velezensis	emrC	288	5	1.7361111111111112	12	5	7	GCF_006351625.1	0.0023763718	GCF_003854915.1	0.0016273367
GCF_050445565.1	Bacillus velezensis	emrC	288	5	1.7361111111111112	12	5	7	GCF_004294525.1	0.0026643407999999997	GCF_059147205.1	0.0037316438
GCF_059147205.1	Bacillus velezensis	emrC	288	5	1.7361111111111112	12	5	7	GCF_006351625.1	0.0031855245	GCF_003854915.1	0.0030307884
GCF_977015535.1	Bacillus velezensis	emrC	288	5	1.7361111111111112	12	5	7	GCF_006351625.1	0.0035702965	GCF_059147205.1	0.003243722
GCF_002555155.1	Bacillus wiedmannii	mleBCB	41	2	4.878048780487805	7	2	5	GCF_002555265.1	0.0028609651	GCF_002555305.1	0.0003838554
GCF_002555305.1	Bacillus wiedmannii	mleBCB	41	2	4.878048780487805	7	2	5	GCF_002555265.1	0.0027654533	GCF_002555155.1	0.0003838554
GCF_002555385.1	Bacillus wiedmannii	mphM	41	2	4.878048780487805	7	2	5	GCF_001756265.1	0.0049372126	GCF_036963245.1	0.0047772303
GCF_036963245.1	Bacillus wiedmannii	mphM	41	2	4.878048780487805	7	2	5	GCF_001756265.1	0.00029205409999999996	GCF_002555385.1	0.0047772303
