species	n_genomes	total_pairwise_comparisons	valid_jaccard_comparisons	undefined_zero_zero_comparisons	mean_within_species_jaccard	sd_within_species_jaccard	median_within_species_jaccard	Q1	Q3	min	max
Bacillus cereus	116	6670	6670	0	0.4884539277980057	0.26762206631783786	0.5	0.3333333333333333	0.625	0.0	1.0
Bacillus safensis	50	1225	1225	0	0.4881632653061225	0.49719668993876165	0.0	0.0	1.0	0.0	1.0
Bacillus altitudinis	46	1035	1035	0	0.463768115942029	0.49892660832143204	0.0	0.0	1.0	0.0	1.0
Bacillus mycoides	20	190	190	0	0.3763157894736842	0.2716150116694367	0.3333333333333333	0.0	0.6	0.0	0.75
Bacillus wiedmannii	41	820	820	0	0.365617982965544	0.18662781377954907	0.375	0.2375	0.5	0.0	0.7777777777777778
Bacillus halotolerans	38	703	703	0	0.36375059269796106	0.26081959189847603	0.5	0.0	0.5	0.0	0.8
Bacillus thuringiensis	141	9870	9870	0	0.32779720420297925	0.19266396841925826	0.3333333333333333	0.2	0.5	0.0	0.8
Bacillus velezensis	288	41328	41328	0	0.2969895309072138	0.3143997131267303	0.5	0.0	0.5	0.0	1.0
Bacillus pseudomycoides	32	496	496	0	0.28024193548387094	0.44957077389762895	0.0	0.0	1.0	0.0	1.0
Bacillus amyloliquefaciens	36	630	630	0	0.21798941798941796	0.2693050059888907	0.0	0.0	0.5	0.0	1.0
Bacillus licheniformis	20	190	190	0	0.19736842105263158	0.24504274770709486	0.0	0.0	0.5	0.0	0.5
Bacillus toyonensis	86	3655	3655	0	0.18842366403925911	0.1990109233621383	0.2	0.0	0.4	0.0	0.7142857142857143
Bacillus subtilis	103	5253	5253	0	0.14295867214199598	0.14349520390155235	0.2	0.0	0.2	0.0	0.6
Bacillus pumilus	34	561	561	0	0.0873440285204991	0.25606968430242194	0.0	0.0	0.0	0.0	1.0
Bacillus paralicheniformis	19	171	171	0	0.03508771929824561	0.10259783520851538	0.0	0.0	0.0	0.0	0.3333333333333333
Bacillus atrophaeus	12	66	66	0	0.0	0.0	0.0	0.0	0.0	0.0	0.0
