accession	species	determinant	species_n	carrier_n	prevalence_pct
GCF_001617995.1	Bacillus amyloliquefaciens	emrC	36	1	2.7777777777777777
GCF_002566845.1	Bacillus cereus	abaF	116	4	3.4482758620689653
GCF_002567785.1	Bacillus cereus	abaF	116	4	3.4482758620689653
GCF_002583515.1	Bacillus cereus	abaF	116	4	3.4482758620689653
GCF_024495135.1	Bacillus cereus	abaF	116	4	3.4482758620689653
GCF_036621235.1	Bacillus cereus	fosBx1	116	1	0.8620689655172413
GCF_002993735.1	Bacillus halotolerans	emrC	38	1	2.6315789473684212
GCF_002993765.1	Bacillus halotolerans	blaTEM	38	1	2.6315789473684212
GCF_060371875.1	Bacillus pseudomycoides	mleBCB	32	1	3.125
GCF_036966405.1	Bacillus safensis	aph(3')-IIa	50	1	2.0
GCF_040492755.1	Bacillus safensis	emrC	50	2	4.0
GCF_040492895.1	Bacillus safensis	emrC	50	2	4.0
GCF_040151275.1	Bacillus subtilis	blaTEM	103	1	0.970873786407767
GCF_053895045.1	Bacillus subtilis	msr(D)	103	1	0.970873786407767
GCF_002558235.1	Bacillus thuringiensis	mphM	141	7	4.964539007092198
GCF_002575305.1	Bacillus thuringiensis	mphM	141	7	4.964539007092198
GCF_002575365.1	Bacillus thuringiensis	mphM	141	7	4.964539007092198
GCF_002575895.1	Bacillus thuringiensis	mphM	141	7	4.964539007092198
GCF_036621275.1	Bacillus thuringiensis	mphM	141	7	4.964539007092198
GCF_036621295.1	Bacillus thuringiensis	mphM	141	7	4.964539007092198
GCF_036621315.1	Bacillus thuringiensis	mphM	141	7	4.964539007092198
GCF_036621355.1	Bacillus thuringiensis	fosBx1	141	1	0.7092198581560284
GCF_002552785.1	Bacillus toyonensis	blaIII	86	1	1.1627906976744187
GCF_002568725.1	Bacillus toyonensis	fosB	86	3	3.488372093023256
GCF_002580975.1	Bacillus toyonensis	fosB	86	3	3.488372093023256
GCF_036962425.1	Bacillus toyonensis	fosB	86	3	3.488372093023256
GCF_003854915.1	Bacillus velezensis	emrC	288	5	1.7361111111111112
GCF_004294525.1	Bacillus velezensis	aadK	288	1	0.3472222222222222
GCF_013348705.1	Bacillus velezensis	ant(9)-Ia	288	1	0.3472222222222222
GCF_013348705.1	Bacillus velezensis	aph(3')-IIIa	288	2	0.6944444444444444
GCF_022370935.1	Bacillus velezensis	aph(3')-IIIa	288	2	0.6944444444444444
GCF_031324265.1	Bacillus velezensis	erm(B)	288	1	0.3472222222222222
GCF_045924925.1	Bacillus velezensis	emrC	288	5	1.7361111111111112
GCF_050445565.1	Bacillus velezensis	emrC	288	5	1.7361111111111112
GCF_059147205.1	Bacillus velezensis	emrC	288	5	1.7361111111111112
GCF_977015535.1	Bacillus velezensis	emrC	288	5	1.7361111111111112
GCF_002555155.1	Bacillus wiedmannii	mleBCB	41	2	4.878048780487805
GCF_002555305.1	Bacillus wiedmannii	mleBCB	41	2	4.878048780487805
GCF_002555385.1	Bacillus wiedmannii	mphM	41	2	4.878048780487805
GCF_036963245.1	Bacillus wiedmannii	mphM	41	2	4.878048780487805
