species	determinant	species_n	carrier_n	prevalence_pct
Bacillus amyloliquefaciens	emrC	36	1	2.7777777777777777
Bacillus cereus	fosBx1	116	1	0.8620689655172413
Bacillus cereus	abaF	116	4	3.4482758620689653
Bacillus halotolerans	blaTEM	38	1	2.6315789473684212
Bacillus halotolerans	emrC	38	1	2.6315789473684212
Bacillus pseudomycoides	mleBCB	32	1	3.125
Bacillus safensis	aph(3')-IIa	50	1	2.0
Bacillus safensis	emrC	50	2	4.0
Bacillus subtilis	blaTEM	103	1	0.970873786407767
Bacillus subtilis	msr(D)	103	1	0.970873786407767
Bacillus thuringiensis	fosBx1	141	1	0.7092198581560284
Bacillus thuringiensis	mphM	141	7	4.964539007092198
Bacillus toyonensis	blaIII	86	1	1.1627906976744187
Bacillus toyonensis	fosB	86	3	3.488372093023256
Bacillus velezensis	aadK	288	1	0.3472222222222222
Bacillus velezensis	ant(9)-Ia	288	1	0.3472222222222222
Bacillus velezensis	erm(B)	288	1	0.3472222222222222
Bacillus velezensis	aph(3')-IIIa	288	2	0.6944444444444444
Bacillus velezensis	emrC	288	5	1.7361111111111112
Bacillus wiedmannii	mleBCB	41	2	4.878048780487805
Bacillus wiedmannii	mphM	41	2	4.878048780487805
