accession	species	n_sporadic_determinants	sporadic_determinants
GCF_001617995.1	Bacillus amyloliquefaciens	1	emrC
GCF_002566845.1	Bacillus cereus	1	abaF
GCF_002567785.1	Bacillus cereus	1	abaF
GCF_002583515.1	Bacillus cereus	1	abaF
GCF_024495135.1	Bacillus cereus	1	abaF
GCF_036621235.1	Bacillus cereus	1	fosBx1
GCF_002993735.1	Bacillus halotolerans	1	emrC
GCF_002993765.1	Bacillus halotolerans	1	blaTEM
GCF_060371875.1	Bacillus pseudomycoides	1	mleBCB
GCF_036966405.1	Bacillus safensis	1	aph(3')-IIa
GCF_040492755.1	Bacillus safensis	1	emrC
GCF_040492895.1	Bacillus safensis	1	emrC
GCF_040151275.1	Bacillus subtilis	1	blaTEM
GCF_053895045.1	Bacillus subtilis	1	msr(D)
GCF_002558235.1	Bacillus thuringiensis	1	mphM
GCF_002575305.1	Bacillus thuringiensis	1	mphM
GCF_002575365.1	Bacillus thuringiensis	1	mphM
GCF_002575895.1	Bacillus thuringiensis	1	mphM
GCF_036621275.1	Bacillus thuringiensis	1	mphM
GCF_036621295.1	Bacillus thuringiensis	1	mphM
GCF_036621315.1	Bacillus thuringiensis	1	mphM
GCF_036621355.1	Bacillus thuringiensis	1	fosBx1
GCF_002552785.1	Bacillus toyonensis	1	blaIII
GCF_002568725.1	Bacillus toyonensis	1	fosB
GCF_002580975.1	Bacillus toyonensis	1	fosB
GCF_036962425.1	Bacillus toyonensis	1	fosB
GCF_003854915.1	Bacillus velezensis	1	emrC
GCF_004294525.1	Bacillus velezensis	1	aadK
GCF_013348705.1	Bacillus velezensis	2	ant(9)-Ia;aph(3')-IIIa
GCF_022370935.1	Bacillus velezensis	1	aph(3')-IIIa
GCF_031324265.1	Bacillus velezensis	1	erm(B)
GCF_045924925.1	Bacillus velezensis	1	emrC
GCF_050445565.1	Bacillus velezensis	1	emrC
GCF_059147205.1	Bacillus velezensis	1	emrC
GCF_977015535.1	Bacillus velezensis	1	emrC
GCF_002555155.1	Bacillus wiedmannii	1	mleBCB
GCF_002555305.1	Bacillus wiedmannii	1	mleBCB
GCF_002555385.1	Bacillus wiedmannii	1	mphM
GCF_036963245.1	Bacillus wiedmannii	1	mphM
