Assembly Accession	Reason
GCF_042137835.1	food product: sesame seeds
GCF_056990735.1	soil/leaf litter rather than direct plant association
GCF_001913455.1	food-associated sesame seed sample
GCF_001913625.1	food-associated sesame seed sample
GCF_042137695.1	food product: sesame seeds
GCF_042137775.1	food product: sesame seeds
GCF_042137855.1	food product: sesame seeds
GCF_042137715.1	food product: sesame seeds
GCF_053551435.1	hemp seed oil used as isolation niche
GCF_004330435.1	food product: salad leaves
GCF_061144325.1	soil/leaf litter rather than direct plant association
GCF_052141025.1	fermented food: kapok seeds/cassava flour
GCF_029931435.2	manganese nodule; not plant-associated
GCF_053551415.1	hemp seed oil used as isolation niche
GCF_905310975.2	leaf litter rather than direct plant association
GCF_061144285.1	soil/leaf litter rather than direct plant association
GCF_061144345.1	soil/leaf litter rather than direct plant association
GCF_052145415.1	fermented food: kapok seeds/cassava flour
GCF_052146075.1	fermented food: kapok seeds/cassava flour
